window_index,flight_id,label,attacked,attack_type,attack_start_time
0,239,0,False,normal,
1,76,0,True,step,165.52877740850676
2,238,0,False,normal,
3,250,0,False,normal,
4,112,0,True,takeover_ramp,123.96392069259976
5,123,0,True,delay,158.26730028372296
6,123,0,True,delay,158.26730028372296
7,254,0,True,drift_ramp,94.50622501263359
8,254,0,True,drift_ramp,94.50622501263359
9,238,0,False,normal,
10,258,0,True,drift_sigmoid,128.36090134328924
11,134,0,False,normal,
12,118,0,False,normal,
13,112,1,True,takeover_ramp,123.96392069259976
14,136,0,False,normal,
15,18,0,False,normal,
16,212,0,True,drift_sigmoid,79.90523467535208
17,110,0,True,step,84.5364701054331
18,212,0,True,drift_sigmoid,79.90523467535208
19,123,0,True,delay,158.26730028372296
20,276,0,True,takeover_step,113.5829416248078
21,197,0,True,drift_sigmoid,115.19058430867969
22,154,0,False,normal,
23,238,0,False,normal,
24,108,0,True,step,75.3845071838438
25,238,0,False,normal,
26,212,1,True,drift_sigmoid,79.90523467535208
27,123,0,True,delay,158.26730028372296
28,112,0,True,takeover_ramp,123.96392069259976
29,170,0,False,normal,
30,123,0,True,delay,158.26730028372296
31,112,0,True,takeover_ramp,123.96392069259976
32,179,0,True,takeover_step,122.10788111664908
33,264,0,True,delay,123.68174203500719
34,95,0,True,step,58.56240426323088
35,123,0,True,delay,158.26730028372296
36,131,0,True,drift_ramp,182.0752846677721
37,123,0,True,delay,158.26730028372296
38,169,0,True,takeover_ramp,97.420297603735
39,118,0,False,normal,
40,165,0,True,drift_sigmoid,147.15736833345036
41,184,0,True,drift_ramp,75.24008074312675
42,214,0,False,normal,
43,170,0,False,normal,
44,118,0,False,normal,
45,279,0,True,drift_ramp,90.42971961610978
46,212,0,True,drift_sigmoid,79.90523467535208
47,131,0,True,drift_ramp,182.0752846677721
48,170,0,False,normal,
49,170,0,False,normal,
50,150,0,False,normal,
51,224,0,True,takeover_step,93.79210260555345
52,131,0,True,drift_ramp,182.0752846677721
53,95,0,True,step,58.56240426323088
54,214,0,False,normal,
55,95,0,True,step,58.56240426323088
56,254,0,True,drift_ramp,94.50622501263359
57,239,0,False,normal,
58,110,1,True,step,84.5364701054331
59,214,0,False,normal,
60,238,0,False,normal,
61,238,0,False,normal,
62,264,0,True,delay,123.68174203500719
63,170,0,False,normal,
64,165,1,True,drift_sigmoid,147.15736833345036
65,134,0,False,normal,
66,233,0,True,delay,149.85146211197676
67,243,0,True,step,127.99537316243467
68,250,0,False,normal,
69,170,0,False,normal,
70,76,0,True,step,165.52877740850676
71,149,0,True,delay,147.69176370466812
72,131,0,True,drift_ramp,182.0752846677721
73,166,0,False,normal,
74,197,0,True,drift_sigmoid,115.19058430867969
75,224,0,True,takeover_step,93.79210260555345
76,118,0,False,normal,
77,149,0,True,delay,147.69176370466812
78,233,0,True,delay,149.85146211197676
79,112,0,True,takeover_ramp,123.96392069259976
80,250,0,False,normal,
81,250,0,False,normal,
82,214,0,False,normal,
83,233,0,True,delay,149.85146211197676
84,18,0,False,normal,
85,169,0,True,takeover_ramp,97.420297603735
86,238,0,False,normal,
87,166,0,False,normal,
88,136,0,False,normal,
89,149,0,True,delay,147.69176370466812
90,112,0,True,takeover_ramp,123.96392069259976
91,118,0,False,normal,
92,233,0,True,delay,149.85146211197676
93,165,0,True,drift_sigmoid,147.15736833345036
94,2,0,True,takeover_ramp,95.8006784666841
95,270,0,False,normal,
96,108,0,True,step,75.3845071838438
97,131,0,True,drift_ramp,182.0752846677721
98,165,0,True,drift_sigmoid,147.15736833345036
99,258,0,True,drift_sigmoid,128.36090134328924
100,134,0,False,normal,
101,134,0,False,normal,
102,165,0,True,drift_sigmoid,147.15736833345036
103,123,0,True,delay,158.26730028372296
104,154,0,False,normal,
105,166,0,False,normal,
106,150,0,False,normal,
107,110,0,True,step,84.5364701054331
108,238,0,False,normal,
109,136,0,False,normal,
110,276,0,True,takeover_step,113.5829416248078
111,221,0,True,takeover_step,10.536360647437668
112,2,1,True,takeover_ramp,95.8006784666841
113,239,0,False,normal,
114,108,0,True,step,75.3845071838438
115,276,0,True,takeover_step,113.5829416248078
116,2,0,True,takeover_ramp,95.8006784666841
117,214,0,False,normal,
118,254,0,True,drift_ramp,94.50622501263359
119,118,0,False,normal,
120,18,0,False,normal,
121,166,0,False,normal,
122,233,0,True,delay,149.85146211197676
123,193,0,True,takeover_ramp,40.23553773066088
124,154,0,False,normal,
125,149,0,True,delay,147.69176370466812
126,123,0,True,delay,158.26730028372296
127,276,0,True,takeover_step,113.5829416248078
128,250,0,False,normal,
129,276,0,True,takeover_step,113.5829416248078
130,264,0,True,delay,123.68174203500719
131,258,0,True,drift_sigmoid,128.36090134328924
132,2,1,True,takeover_ramp,95.8006784666841
133,123,0,True,delay,158.26730028372296
134,270,0,False,normal,
135,179,0,True,takeover_step,122.10788111664908
136,166,0,False,normal,
137,169,0,True,takeover_ramp,97.420297603735
138,197,0,True,drift_sigmoid,115.19058430867969
139,131,0,True,drift_ramp,182.0752846677721
140,150,0,False,normal,
141,154,0,False,normal,
142,243,0,True,step,127.99537316243467
143,112,0,True,takeover_ramp,123.96392069259976
144,76,0,True,step,165.52877740850676
145,179,0,True,takeover_step,122.10788111664908
146,239,0,False,normal,
147,270,0,False,normal,
148,250,0,False,normal,
149,95,0,True,step,58.56240426323088
150,238,0,False,normal,
151,238,0,False,normal,
152,118,0,False,normal,
153,233,0,True,delay,149.85146211197676
154,77,0,True,takeover_ramp,87.63696498999546
155,150,0,False,normal,
156,118,0,False,normal,
157,123,0,True,delay,158.26730028372296
158,2,0,True,takeover_ramp,95.8006784666841
159,184,0,True,drift_ramp,75.24008074312675
160,150,0,False,normal,
161,123,0,True,delay,158.26730028372296
162,214,0,False,normal,
163,239,0,False,normal,
164,131,0,True,drift_ramp,182.0752846677721
165,76,0,True,step,165.52877740850676
166,264,0,True,delay,123.68174203500719
167,77,0,True,takeover_ramp,87.63696498999546
168,243,0,True,step,127.99537316243467
169,270,0,False,normal,
170,150,0,False,normal,
171,197,0,True,drift_sigmoid,115.19058430867969
172,136,0,False,normal,
173,112,0,True,takeover_ramp,123.96392069259976
174,131,0,True,drift_ramp,182.0752846677721
175,134,0,False,normal,
176,233,0,True,delay,149.85146211197676
177,179,0,True,takeover_step,122.10788111664908
178,154,0,False,normal,
179,134,0,False,normal,
180,239,0,False,normal,
181,264,0,True,delay,123.68174203500719
182,170,0,False,normal,
183,134,0,False,normal,
184,258,0,True,drift_sigmoid,128.36090134328924
185,134,0,False,normal,
186,77,0,True,takeover_ramp,87.63696498999546
187,184,0,True,drift_ramp,75.24008074312675
188,134,0,False,normal,
189,221,1,True,takeover_step,10.536360647437668
190,134,0,False,normal,
191,112,0,True,takeover_ramp,123.96392069259976
192,239,0,False,normal,
193,150,0,False,normal,
194,224,0,True,takeover_step,93.79210260555345
195,2,0,True,takeover_ramp,95.8006784666841
196,117,0,True,delay,62.23656649358486
197,110,0,True,step,84.5364701054331
198,179,0,True,takeover_step,122.10788111664908
199,250,0,False,normal,
200,18,0,False,normal,
201,134,0,False,normal,
202,165,0,True,drift_sigmoid,147.15736833345036
203,166,0,False,normal,
204,279,0,True,drift_ramp,90.42971961610978
205,276,0,True,takeover_step,113.5829416248078
206,76,0,True,step,165.52877740850676
207,166,0,False,normal,
208,197,0,True,drift_sigmoid,115.19058430867969
209,214,0,False,normal,
210,118,0,False,normal,
211,276,0,True,takeover_step,113.5829416248078
212,149,0,True,delay,147.69176370466812
213,134,0,False,normal,
214,118,0,False,normal,
215,112,0,True,takeover_ramp,123.96392069259976
216,192,0,True,drift_sigmoid,79.2016227542393
217,154,0,False,normal,
218,214,0,False,normal,
219,184,0,True,drift_ramp,75.24008074312675
220,117,1,True,delay,62.23656649358486
221,131,0,True,drift_ramp,182.0752846677721
222,239,0,False,normal,
223,165,0,True,drift_sigmoid,147.15736833345036
224,233,0,True,delay,149.85146211197676
225,212,0,True,drift_sigmoid,79.90523467535208
226,110,0,True,step,84.5364701054331
227,108,0,True,step,75.3845071838438
228,233,0,True,delay,149.85146211197676
229,18,0,False,normal,
230,123,0,True,delay,158.26730028372296
231,165,0,True,drift_sigmoid,147.15736833345036
232,233,0,True,delay,149.85146211197676
233,134,0,False,normal,
234,114,0,True,drift_ramp,23.262408845252608
235,179,0,True,takeover_step,122.10788111664908
236,184,0,True,drift_ramp,75.24008074312675
237,77,0,True,takeover_ramp,87.63696498999546
238,276,0,True,takeover_step,113.5829416248078
239,254,0,True,drift_ramp,94.50622501263359
240,123,0,True,delay,158.26730028372296
241,169,1,True,takeover_ramp,97.420297603735
242,154,0,False,normal,
243,169,0,True,takeover_ramp,97.420297603735
244,108,0,True,step,75.3845071838438
245,184,0,True,drift_ramp,75.24008074312675
246,197,0,True,drift_sigmoid,115.19058430867969
247,239,0,False,normal,
248,170,0,False,normal,
249,214,0,False,normal,
250,154,0,False,normal,
251,239,0,False,normal,
252,118,0,False,normal,
253,165,0,True,drift_sigmoid,147.15736833345036
254,112,0,True,takeover_ramp,123.96392069259976
255,18,0,False,normal,
256,118,0,False,normal,
257,179,0,True,takeover_step,122.10788111664908
258,239,0,False,normal,
259,238,0,False,normal,
260,162,1,True,takeover_step,14.91515823592874
261,212,0,True,drift_sigmoid,79.90523467535208
262,150,0,False,normal,
263,150,0,False,normal,
264,166,0,False,normal,
265,118,0,False,normal,
266,136,0,False,normal,
267,214,0,False,normal,
268,149,0,True,delay,147.69176370466812
269,264,0,True,delay,123.68174203500719
270,279,0,True,drift_ramp,90.42971961610978
271,110,0,True,step,84.5364701054331
272,166,0,False,normal,
273,123,0,True,delay,158.26730028372296
274,258,0,True,drift_sigmoid,128.36090134328924
275,270,0,False,normal,
276,118,0,False,normal,
277,123,0,True,delay,158.26730028372296
278,77,0,True,takeover_ramp,87.63696498999546
279,258,0,True,drift_sigmoid,128.36090134328924
280,134,0,False,normal,
281,154,0,False,normal,
282,150,0,False,normal,
283,270,0,False,normal,
284,214,0,False,normal,
285,212,0,True,drift_sigmoid,79.90523467535208
286,108,0,True,step,75.3845071838438
287,179,0,True,takeover_step,122.10788111664908
288,270,0,False,normal,
289,243,0,True,step,127.99537316243467
290,233,0,True,delay,149.85146211197676
291,118,0,False,normal,
292,264,0,True,delay,123.68174203500719
293,170,0,False,normal,
294,165,1,True,drift_sigmoid,147.15736833345036
295,250,0,False,normal,
296,166,0,False,normal,
297,233,0,True,delay,149.85146211197676
298,18,0,False,normal,
299,238,0,False,normal,
300,131,0,True,drift_ramp,182.0752846677721
301,117,0,True,delay,62.23656649358486
302,154,0,False,normal,
303,270,0,False,normal,
304,170,0,False,normal,
305,239,0,False,normal,
306,112,0,True,takeover_ramp,123.96392069259976
307,238,0,False,normal,
308,118,0,False,normal,
309,170,0,False,normal,
310,166,0,False,normal,
311,136,0,False,normal,
312,250,0,False,normal,
313,18,0,False,normal,
314,179,0,True,takeover_step,122.10788111664908
315,193,0,True,takeover_ramp,40.23553773066088
316,136,0,False,normal,
317,192,0,True,drift_sigmoid,79.2016227542393
318,136,0,False,normal,
319,123,0,True,delay,158.26730028372296
320,134,0,False,normal,
321,254,0,True,drift_ramp,94.50622501263359
322,233,0,True,delay,149.85146211197676
323,150,0,False,normal,
324,250,0,False,normal,
325,150,0,False,normal,
326,166,0,False,normal,
327,238,0,False,normal,
328,112,0,True,takeover_ramp,123.96392069259976
329,270,0,False,normal,
330,179,1,True,takeover_step,122.10788111664908
331,150,0,False,normal,
332,179,0,True,takeover_step,122.10788111664908
333,2,0,True,takeover_ramp,95.8006784666841
334,112,0,True,takeover_ramp,123.96392069259976
335,154,0,False,normal,
336,149,0,True,delay,147.69176370466812
337,250,0,False,normal,
338,165,0,True,drift_sigmoid,147.15736833345036
339,264,0,True,delay,123.68174203500719
340,270,0,False,normal,
341,162,0,True,takeover_step,14.91515823592874
342,258,0,True,drift_sigmoid,128.36090134328924
343,154,0,False,normal,
344,76,0,True,step,165.52877740850676
345,170,0,False,normal,
346,162,0,True,takeover_step,14.91515823592874
347,239,0,False,normal,
348,270,0,False,normal,
349,118,0,False,normal,
350,197,0,True,drift_sigmoid,115.19058430867969
351,165,0,True,drift_sigmoid,147.15736833345036
352,18,0,False,normal,
353,166,0,False,normal,
354,154,0,False,normal,
355,264,0,True,delay,123.68174203500719
356,276,0,True,takeover_step,113.5829416248078
357,76,0,True,step,165.52877740850676
358,276,0,True,takeover_step,113.5829416248078
359,170,0,False,normal,
360,243,1,True,step,127.99537316243467
361,108,0,True,step,75.3845071838438
362,136,0,False,normal,
363,184,0,True,drift_ramp,75.24008074312675
364,184,0,True,drift_ramp,75.24008074312675
365,270,0,False,normal,
366,239,0,False,normal,
367,150,0,False,normal,
368,214,0,False,normal,
369,239,0,False,normal,
370,192,0,True,drift_sigmoid,79.2016227542393
371,131,0,True,drift_ramp,182.0752846677721
372,149,0,True,delay,147.69176370466812
373,150,0,False,normal,
374,170,0,False,normal,
375,123,0,True,delay,158.26730028372296
376,110,0,True,step,84.5364701054331
377,118,0,False,normal,
378,214,0,False,normal,
379,2,0,True,takeover_ramp,95.8006784666841
380,95,0,True,step,58.56240426323088
381,118,0,False,normal,
382,123,0,True,delay,158.26730028372296
383,136,0,False,normal,
384,170,0,False,normal,
385,165,0,True,drift_sigmoid,147.15736833345036
386,233,0,True,delay,149.85146211197676
387,238,0,False,normal,
388,212,1,True,drift_sigmoid,79.90523467535208
389,76,0,True,step,165.52877740850676
390,197,0,True,drift_sigmoid,115.19058430867969
391,169,0,True,takeover_ramp,97.420297603735
392,131,0,True,drift_ramp,182.0752846677721
393,117,0,True,delay,62.23656649358486
394,224,0,True,takeover_step,93.79210260555345
395,193,1,True,takeover_ramp,40.23553773066088
396,136,0,False,normal,
397,179,0,True,takeover_step,122.10788111664908
398,165,0,True,drift_sigmoid,147.15736833345036
399,131,0,True,drift_ramp,182.0752846677721
400,108,0,True,step,75.3845071838438
401,149,0,True,delay,147.69176370466812
402,108,0,True,step,75.3845071838438
403,212,0,True,drift_sigmoid,79.90523467535208
404,136,0,False,normal,
405,95,0,True,step,58.56240426323088
406,233,0,True,delay,149.85146211197676
407,18,0,False,normal,
408,134,0,False,normal,
409,150,0,False,normal,
410,154,0,False,normal,
411,166,0,False,normal,
412,95,0,True,step,58.56240426323088
413,136,0,False,normal,
414,166,0,False,normal,
415,154,0,False,normal,
416,136,0,False,normal,
417,118,0,False,normal,
418,2,0,True,takeover_ramp,95.8006784666841
419,214,0,False,normal,
420,170,0,False,normal,
421,134,0,False,normal,
422,239,0,False,normal,
423,166,0,False,normal,
424,118,0,False,normal,
425,166,0,False,normal,
426,134,0,False,normal,
427,239,0,False,normal,
428,76,1,True,step,165.52877740850676
429,117,0,True,delay,62.23656649358486
430,117,0,True,delay,62.23656649358486
431,233,0,True,delay,149.85146211197676
432,118,0,False,normal,
433,134,0,False,normal,
434,110,0,True,step,84.5364701054331
435,250,0,False,normal,
436,149,0,True,delay,147.69176370466812
437,179,0,True,takeover_step,122.10788111664908
438,179,0,True,takeover_step,122.10788111664908
439,238,0,False,normal,
440,134,0,False,normal,
441,76,0,True,step,165.52877740850676
442,118,0,False,normal,
443,193,0,True,takeover_ramp,40.23553773066088
444,118,0,False,normal,
445,123,0,True,delay,158.26730028372296
446,258,0,True,drift_sigmoid,128.36090134328924
447,112,0,True,takeover_ramp,123.96392069259976
448,193,1,True,takeover_ramp,40.23553773066088
449,18,0,False,normal,
450,108,0,True,step,75.3845071838438
451,179,0,True,takeover_step,122.10788111664908
452,123,0,True,delay,158.26730028372296
453,214,0,False,normal,
454,238,0,False,normal,
455,18,0,False,normal,
456,134,0,False,normal,
457,179,0,True,takeover_step,122.10788111664908
458,258,0,True,drift_sigmoid,128.36090134328924
459,233,0,True,delay,149.85146211197676
460,239,0,False,normal,
461,192,0,True,drift_sigmoid,79.2016227542393
462,123,0,True,delay,158.26730028372296
463,18,0,False,normal,
464,18,0,False,normal,
465,114,0,True,drift_ramp,23.262408845252608
466,114,1,True,drift_ramp,23.262408845252608
467,233,0,True,delay,149.85146211197676
468,224,0,True,takeover_step,93.79210260555345
469,131,0,True,drift_ramp,182.0752846677721
470,233,0,True,delay,149.85146211197676
471,264,0,True,delay,123.68174203500719
472,264,0,True,delay,123.68174203500719
473,233,0,True,delay,149.85146211197676
474,108,0,True,step,75.3845071838438
475,270,0,False,normal,
476,192,0,True,drift_sigmoid,79.2016227542393
477,170,0,False,normal,
478,134,0,False,normal,
479,118,0,False,normal,
480,149,0,True,delay,147.69176370466812
481,238,0,False,normal,
482,123,0,True,delay,158.26730028372296
483,118,0,False,normal,
484,165,0,True,drift_sigmoid,147.15736833345036
485,238,0,False,normal,
486,110,0,True,step,84.5364701054331
487,18,0,False,normal,
488,76,0,True,step,165.52877740850676
489,179,0,True,takeover_step,122.10788111664908
490,154,0,False,normal,
491,276,0,True,takeover_step,113.5829416248078
492,136,0,False,normal,
493,2,0,True,takeover_ramp,95.8006784666841
494,134,0,False,normal,
495,270,0,False,normal,
496,214,0,False,normal,
497,279,0,True,drift_ramp,90.42971961610978
498,233,0,True,delay,149.85146211197676
499,95,1,True,step,58.56240426323088
500,197,0,True,drift_sigmoid,115.19058430867969
501,136,0,False,normal,
502,254,0,True,drift_ramp,94.50622501263359
503,270,0,False,normal,
504,165,0,True,drift_sigmoid,147.15736833345036
505,123,0,True,delay,158.26730028372296
506,224,0,True,takeover_step,93.79210260555345
507,110,0,True,step,84.5364701054331
508,118,0,False,normal,
509,258,0,True,drift_sigmoid,128.36090134328924
510,18,0,False,normal,
511,149,0,True,delay,147.69176370466812
512,212,0,True,drift_sigmoid,79.90523467535208
513,2,1,True,takeover_ramp,95.8006784666841
514,134,0,False,normal,
515,76,0,True,step,165.52877740850676
516,192,0,True,drift_sigmoid,79.2016227542393
517,118,0,False,normal,
518,136,0,False,normal,
519,154,0,False,normal,
520,110,0,True,step,84.5364701054331
521,154,0,False,normal,
522,179,0,True,takeover_step,122.10788111664908
523,166,0,False,normal,
524,224,0,True,takeover_step,93.79210260555345
525,149,0,True,delay,147.69176370466812
526,76,0,True,step,165.52877740850676
527,170,0,False,normal,
528,224,0,True,takeover_step,93.79210260555345
529,250,0,False,normal,
530,110,0,True,step,84.5364701054331
531,131,0,True,drift_ramp,182.0752846677721
532,214,0,False,normal,
533,95,0,True,step,58.56240426323088
534,233,0,True,delay,149.85146211197676
535,131,0,True,drift_ramp,182.0752846677721
536,214,0,False,normal,
537,279,0,True,drift_ramp,90.42971961610978
538,18,0,False,normal,
539,224,0,True,takeover_step,93.79210260555345
540,258,0,True,drift_sigmoid,128.36090134328924
541,118,0,False,normal,
542,18,0,False,normal,
543,214,0,False,normal,
544,239,0,False,normal,
545,250,0,False,normal,
546,239,0,False,normal,
547,131,0,True,drift_ramp,182.0752846677721
548,243,0,True,step,127.99537316243467
549,134,0,False,normal,
550,224,0,True,takeover_step,93.79210260555345
551,123,0,True,delay,158.26730028372296
552,166,0,False,normal,
553,239,0,False,normal,
554,239,0,False,normal,
555,258,0,True,drift_sigmoid,128.36090134328924
556,276,0,True,takeover_step,113.5829416248078
557,238,0,False,normal,
558,233,0,True,delay,149.85146211197676
559,179,0,True,takeover_step,122.10788111664908
560,239,0,False,normal,
561,279,0,True,drift_ramp,90.42971961610978
562,254,0,True,drift_ramp,94.50622501263359
563,18,0,False,normal,
564,279,0,True,drift_ramp,90.42971961610978
565,95,0,True,step,58.56240426323088
566,154,0,False,normal,
567,76,1,True,step,165.52877740850676
568,224,0,True,takeover_step,93.79210260555345
569,170,0,False,normal,
570,193,0,True,takeover_ramp,40.23553773066088
571,170,0,False,normal,
572,250,0,False,normal,
573,76,0,True,step,165.52877740850676
574,254,0,True,drift_ramp,94.50622501263359
575,270,0,False,normal,
576,118,0,False,normal,
577,154,0,False,normal,
578,169,0,True,takeover_ramp,97.420297603735
579,123,0,True,delay,158.26730028372296
580,270,0,False,normal,
581,136,0,False,normal,
582,165,0,True,drift_sigmoid,147.15736833345036
583,118,0,False,normal,
584,238,0,False,normal,
585,95,1,True,step,58.56240426323088
586,2,0,True,takeover_ramp,95.8006784666841
587,166,0,False,normal,
588,131,0,True,drift_ramp,182.0752846677721
589,239,0,False,normal,
590,238,0,False,normal,
591,184,0,True,drift_ramp,75.24008074312675
592,2,0,True,takeover_ramp,95.8006784666841
593,112,0,True,takeover_ramp,123.96392069259976
594,108,0,True,step,75.3845071838438
595,2,0,True,takeover_ramp,95.8006784666841
596,197,0,True,drift_sigmoid,115.19058430867969
597,112,0,True,takeover_ramp,123.96392069259976
598,239,0,False,normal,
599,136,0,False,normal,
600,276,0,True,takeover_step,113.5829416248078
601,233,0,True,delay,149.85146211197676
602,270,0,False,normal,
603,118,0,False,normal,
604,134,0,False,normal,
605,254,0,True,drift_ramp,94.50622501263359
606,118,0,False,normal,
607,224,0,True,takeover_step,93.79210260555345
608,264,0,True,delay,123.68174203500719
609,77,0,True,takeover_ramp,87.63696498999546
610,250,0,False,normal,
611,118,0,False,normal,
612,136,0,False,normal,
613,264,0,True,delay,123.68174203500719
614,134,0,False,normal,
615,239,0,False,normal,
616,169,0,True,takeover_ramp,97.420297603735
617,150,0,False,normal,
618,154,0,False,normal,
619,149,0,True,delay,147.69176370466812
620,154,0,False,normal,
621,131,0,True,drift_ramp,182.0752846677721
622,118,0,False,normal,
623,250,0,False,normal,
624,77,0,True,takeover_ramp,87.63696498999546
625,169,0,True,takeover_ramp,97.420297603735
626,166,0,False,normal,
627,239,0,False,normal,
628,238,0,False,normal,
629,238,0,False,normal,
630,270,0,False,normal,
631,154,0,False,normal,
632,166,0,False,normal,
633,224,0,True,takeover_step,93.79210260555345
634,224,1,True,takeover_step,93.79210260555345
635,239,0,False,normal,
636,192,0,True,drift_sigmoid,79.2016227542393
637,233,0,True,delay,149.85146211197676
638,170,0,False,normal,
639,270,0,False,normal,
640,179,0,True,takeover_step,122.10788111664908
641,76,0,True,step,165.52877740850676
642,110,0,True,step,84.5364701054331
643,270,0,False,normal,
644,166,0,False,normal,
645,123,0,True,delay,158.26730028372296
646,166,0,False,normal,
647,108,0,True,step,75.3845071838438
648,108,0,True,step,75.3845071838438
649,192,0,True,drift_sigmoid,79.2016227542393
650,250,0,False,normal,
651,170,0,False,normal,
652,112,0,True,takeover_ramp,123.96392069259976
653,224,0,True,takeover_step,93.79210260555345
654,118,0,False,normal,
655,131,0,True,drift_ramp,182.0752846677721
656,110,1,True,step,84.5364701054331
657,264,0,True,delay,123.68174203500719
658,76,0,True,step,165.52877740850676
659,166,0,False,normal,
660,110,0,True,step,84.5364701054331
661,123,0,True,delay,158.26730028372296
662,150,0,False,normal,
663,112,0,True,takeover_ramp,123.96392069259976
664,169,0,True,takeover_ramp,97.420297603735
665,250,0,False,normal,
666,224,0,True,takeover_step,93.79210260555345
667,76,0,True,step,165.52877740850676
668,192,0,True,drift_sigmoid,79.2016227542393
669,131,0,True,drift_ramp,182.0752846677721
670,264,0,True,delay,123.68174203500719
671,214,0,False,normal,
672,150,0,False,normal,
673,77,0,True,takeover_ramp,87.63696498999546
674,114,0,True,drift_ramp,23.262408845252608
675,276,0,True,takeover_step,113.5829416248078
676,77,0,True,takeover_ramp,87.63696498999546
677,238,0,False,normal,
678,270,0,False,normal,
679,166,0,False,normal,
680,233,0,True,delay,149.85146211197676
681,118,0,False,normal,
682,95,1,True,step,58.56240426323088
683,170,0,False,normal,
684,170,0,False,normal,
685,264,0,True,delay,123.68174203500719
686,239,0,False,normal,
687,238,0,False,normal,
688,136,0,False,normal,
689,276,0,True,takeover_step,113.5829416248078
690,154,0,False,normal,
691,134,0,False,normal,
692,214,0,False,normal,
693,192,0,True,drift_sigmoid,79.2016227542393
694,243,0,True,step,127.99537316243467
695,150,0,False,normal,
696,224,0,True,takeover_step,93.79210260555345
697,162,1,True,takeover_step,14.91515823592874
698,134,0,False,normal,
699,165,0,True,drift_sigmoid,147.15736833345036
700,112,0,True,takeover_ramp,123.96392069259976
701,123,0,True,delay,158.26730028372296
702,254,0,True,drift_ramp,94.50622501263359
703,166,0,False,normal,
704,214,0,False,normal,
705,108,0,True,step,75.3845071838438
706,110,0,True,step,84.5364701054331
707,149,0,True,delay,147.69176370466812
708,169,0,True,takeover_ramp,97.420297603735
709,238,0,False,normal,
710,154,0,False,normal,
711,110,0,True,step,84.5364701054331
712,239,0,False,normal,
713,110,0,True,step,84.5364701054331
714,214,0,False,normal,
715,214,0,False,normal,
716,2,0,True,takeover_ramp,95.8006784666841
717,110,0,True,step,84.5364701054331
718,276,0,True,takeover_step,113.5829416248078
719,197,0,True,drift_sigmoid,115.19058430867969
720,134,0,False,normal,
721,170,0,False,normal,
722,212,0,True,drift_sigmoid,79.90523467535208
723,250,0,False,normal,
724,243,0,True,step,127.99537316243467
725,110,0,True,step,84.5364701054331
726,192,0,True,drift_sigmoid,79.2016227542393
727,179,0,True,takeover_step,122.10788111664908
728,243,0,True,step,127.99537316243467
729,2,0,True,takeover_ramp,95.8006784666841
730,239,0,False,normal,
731,118,0,False,normal,
732,166,0,False,normal,
733,270,0,False,normal,
734,18,0,False,normal,
735,165,0,True,drift_sigmoid,147.15736833345036
736,233,0,True,delay,149.85146211197676
737,76,0,True,step,165.52877740850676
738,279,0,True,drift_ramp,90.42971961610978
739,118,0,False,normal,
740,279,0,True,drift_ramp,90.42971961610978
741,224,0,True,takeover_step,93.79210260555345
742,170,0,False,normal,
743,149,0,True,delay,147.69176370466812
744,243,1,True,step,127.99537316243467
745,233,0,True,delay,149.85146211197676
746,238,0,False,normal,
747,118,0,False,normal,
748,239,0,False,normal,
749,197,0,True,drift_sigmoid,115.19058430867969
750,123,0,True,delay,158.26730028372296
751,166,0,False,normal,
752,131,0,True,drift_ramp,182.0752846677721
753,166,0,False,normal,
754,169,0,True,takeover_ramp,97.420297603735
755,76,0,True,step,165.52877740850676
756,149,0,True,delay,147.69176370466812
757,165,0,True,drift_sigmoid,147.15736833345036
758,154,0,False,normal,
759,212,0,True,drift_sigmoid,79.90523467535208
760,149,0,True,delay,147.69176370466812
761,76,0,True,step,165.52877740850676
762,169,0,True,takeover_ramp,97.420297603735
763,243,0,True,step,127.99537316243467
764,118,0,False,normal,
765,95,0,True,step,58.56240426323088
766,224,1,True,takeover_step,93.79210260555345
767,179,0,True,takeover_step,122.10788111664908
768,166,0,False,normal,
769,233,0,True,delay,149.85146211197676
770,136,0,False,normal,
771,169,0,True,takeover_ramp,97.420297603735
772,131,0,True,drift_ramp,182.0752846677721
773,18,0,False,normal,
774,154,0,False,normal,
775,238,0,False,normal,
776,224,0,True,takeover_step,93.79210260555345
777,250,0,False,normal,
778,197,0,True,drift_sigmoid,115.19058430867969
779,238,0,False,normal,
780,18,0,False,normal,
781,131,0,True,drift_ramp,182.0752846677721
782,239,0,False,normal,
783,179,0,True,takeover_step,122.10788111664908
784,254,0,True,drift_ramp,94.50622501263359
785,136,0,False,normal,
786,136,0,False,normal,
787,154,0,False,normal,
788,165,0,True,drift_sigmoid,147.15736833345036
789,170,0,False,normal,
790,270,0,False,normal,
791,76,0,True,step,165.52877740850676
792,18,0,False,normal,
793,250,0,False,normal,
794,197,0,True,drift_sigmoid,115.19058430867969
795,117,0,True,delay,62.23656649358486
796,108,0,True,step,75.3845071838438
797,170,0,False,normal,
798,192,0,True,drift_sigmoid,79.2016227542393
799,77,0,True,takeover_ramp,87.63696498999546
800,258,0,True,drift_sigmoid,128.36090134328924
801,110,0,True,step,84.5364701054331
802,154,0,False,normal,
803,110,0,True,step,84.5364701054331
804,95,0,True,step,58.56240426323088
805,243,0,True,step,127.99537316243467
806,18,0,False,normal,
807,136,0,False,normal,
808,250,0,False,normal,
809,112,0,True,takeover_ramp,123.96392069259976
810,264,0,True,delay,123.68174203500719
811,166,0,False,normal,
812,214,0,False,normal,
813,276,0,True,takeover_step,113.5829416248078
814,95,0,True,step,58.56240426323088
815,238,0,False,normal,
816,114,1,True,drift_ramp,23.262408845252608
817,18,0,False,normal,
818,212,0,True,drift_sigmoid,79.90523467535208
819,238,0,False,normal,
820,150,0,False,normal,
821,264,0,True,delay,123.68174203500719
822,264,0,True,delay,123.68174203500719
823,238,0,False,normal,
824,131,0,True,drift_ramp,182.0752846677721
825,123,0,True,delay,158.26730028372296
826,276,0,True,takeover_step,113.5829416248078
827,250,0,False,normal,
828,192,0,True,drift_sigmoid,79.2016227542393
829,224,0,True,takeover_step,93.79210260555345
830,154,0,False,normal,
831,134,0,False,normal,
832,270,0,False,normal,
833,179,0,True,takeover_step,122.10788111664908
834,76,0,True,step,165.52877740850676
835,192,0,True,drift_sigmoid,79.2016227542393
836,212,0,True,drift_sigmoid,79.90523467535208
837,170,0,False,normal,
838,239,0,False,normal,
839,112,0,True,takeover_ramp,123.96392069259976
840,239,0,False,normal,
841,279,0,True,drift_ramp,90.42971961610978
842,136,0,False,normal,
843,212,0,True,drift_sigmoid,79.90523467535208
844,170,0,False,normal,
845,18,0,False,normal,
846,238,0,False,normal,
847,76,0,True,step,165.52877740850676
848,2,0,True,takeover_ramp,95.8006784666841
849,76,0,True,step,165.52877740850676
850,184,0,True,drift_ramp,75.24008074312675
851,118,0,False,normal,
852,264,0,True,delay,123.68174203500719
853,112,0,True,takeover_ramp,123.96392069259976
854,154,0,False,normal,
855,239,0,False,normal,
856,192,0,True,drift_sigmoid,79.2016227542393
857,123,0,True,delay,158.26730028372296
858,154,0,False,normal,
859,136,0,False,normal,
860,76,0,True,step,165.52877740850676
861,154,0,False,normal,
862,184,0,True,drift_ramp,75.24008074312675
863,243,0,True,step,127.99537316243467
864,179,0,True,takeover_step,122.10788111664908
865,150,0,False,normal,
866,192,1,True,drift_sigmoid,79.2016227542393
867,18,0,False,normal,
868,166,0,False,normal,
869,239,0,False,normal,
870,270,0,False,normal,
871,239,0,False,normal,
872,169,0,True,takeover_ramp,97.420297603735
873,165,0,True,drift_sigmoid,147.15736833345036
874,170,0,False,normal,
875,179,0,True,takeover_step,122.10788111664908
876,258,0,True,drift_sigmoid,128.36090134328924
877,170,0,False,normal,
878,250,0,False,normal,
879,136,0,False,normal,
880,238,0,False,normal,
881,118,0,False,normal,
882,238,0,False,normal,
883,18,0,False,normal,
884,179,0,True,takeover_step,122.10788111664908
885,150,0,False,normal,
886,270,0,False,normal,
887,118,0,False,normal,
888,264,0,True,delay,123.68174203500719
889,76,0,True,step,165.52877740850676
890,165,0,True,drift_sigmoid,147.15736833345036
891,76,0,True,step,165.52877740850676
892,77,0,True,takeover_ramp,87.63696498999546
893,76,0,True,step,165.52877740850676
894,76,0,True,step,165.52877740850676
895,238,0,False,normal,
896,264,0,True,delay,123.68174203500719
897,134,0,False,normal,
898,279,0,True,drift_ramp,90.42971961610978
899,2,1,True,takeover_ramp,95.8006784666841
900,136,0,False,normal,
901,197,0,True,drift_sigmoid,115.19058430867969
902,18,0,False,normal,
903,197,0,True,drift_sigmoid,115.19058430867969
904,239,0,False,normal,
905,2,0,True,takeover_ramp,95.8006784666841
906,77,0,True,takeover_ramp,87.63696498999546
907,150,0,False,normal,
908,193,1,True,takeover_ramp,40.23553773066088
909,193,1,True,takeover_ramp,40.23553773066088
910,95,0,True,step,58.56240426323088
911,76,0,True,step,165.52877740850676
912,118,0,False,normal,
913,118,0,False,normal,
914,184,0,True,drift_ramp,75.24008074312675
915,197,0,True,drift_sigmoid,115.19058430867969
916,184,0,True,drift_ramp,75.24008074312675
917,214,0,False,normal,
918,110,0,True,step,84.5364701054331
919,77,0,True,takeover_ramp,87.63696498999546
920,239,0,False,normal,
921,276,0,True,takeover_step,113.5829416248078
922,254,0,True,drift_ramp,94.50622501263359
923,166,0,False,normal,
924,166,0,False,normal,
925,165,0,True,drift_sigmoid,147.15736833345036
926,258,0,True,drift_sigmoid,128.36090134328924
927,108,0,True,step,75.3845071838438
928,279,0,True,drift_ramp,90.42971961610978
929,77,0,True,takeover_ramp,87.63696498999546
930,276,0,True,takeover_step,113.5829416248078
931,134,0,False,normal,
932,254,0,True,drift_ramp,94.50622501263359
933,250,0,False,normal,
934,77,0,True,takeover_ramp,87.63696498999546
935,197,0,True,drift_sigmoid,115.19058430867969
936,264,0,True,delay,123.68174203500719
937,76,0,True,step,165.52877740850676
938,134,0,False,normal,
939,238,0,False,normal,
940,170,0,False,normal,
941,114,0,True,drift_ramp,23.262408845252608
942,193,0,True,takeover_ramp,40.23553773066088
943,238,0,False,normal,
944,239,0,False,normal,
945,193,0,True,takeover_ramp,40.23553773066088
946,197,0,True,drift_sigmoid,115.19058430867969
947,224,1,True,takeover_step,93.79210260555345
948,118,0,False,normal,
949,131,0,True,drift_ramp,182.0752846677721
950,150,0,False,normal,
951,170,0,False,normal,
952,149,0,True,delay,147.69176370466812
953,264,0,True,delay,123.68174203500719
954,239,0,False,normal,
955,192,0,True,drift_sigmoid,79.2016227542393
956,131,0,True,drift_ramp,182.0752846677721
957,118,0,False,normal,
958,118,0,False,normal,
959,131,0,True,drift_ramp,182.0752846677721
960,264,0,True,delay,123.68174203500719
961,154,0,False,normal,
962,270,0,False,normal,
963,224,0,True,takeover_step,93.79210260555345
964,179,0,True,takeover_step,122.10788111664908
965,250,0,False,normal,
966,170,0,False,normal,
967,238,0,False,normal,
968,2,0,True,takeover_ramp,95.8006784666841
969,179,0,True,takeover_step,122.10788111664908
970,123,0,True,delay,158.26730028372296
971,258,0,True,drift_sigmoid,128.36090134328924
972,239,0,False,normal,
973,233,0,True,delay,149.85146211197676
974,131,0,True,drift_ramp,182.0752846677721
975,117,0,True,delay,62.23656649358486
976,18,0,False,normal,
977,131,0,True,drift_ramp,182.0752846677721
978,134,0,False,normal,
979,239,0,False,normal,
980,149,0,True,delay,147.69176370466812
981,254,0,True,drift_ramp,94.50622501263359
982,238,0,False,normal,
983,2,0,True,takeover_ramp,95.8006784666841
984,150,0,False,normal,
985,224,0,True,takeover_step,93.79210260555345
986,250,0,False,normal,
987,131,0,True,drift_ramp,182.0752846677721
988,76,0,True,step,165.52877740850676
989,76,0,True,step,165.52877740850676
990,123,0,True,delay,158.26730028372296
991,136,0,False,normal,
992,154,0,False,normal,
993,239,0,False,normal,
994,114,0,True,drift_ramp,23.262408845252608
995,118,0,False,normal,
996,123,0,True,delay,158.26730028372296
997,136,0,False,normal,
998,154,0,False,normal,
999,184,0,True,drift_ramp,75.24008074312675
1000,169,0,True,takeover_ramp,97.420297603735
1001,258,0,True,drift_sigmoid,128.36090134328924
1002,18,0,False,normal,
1003,154,0,False,normal,
1004,2,1,True,takeover_ramp,95.8006784666841
1005,76,0,True,step,165.52877740850676
1006,169,0,True,takeover_ramp,97.420297603735
1007,165,0,True,drift_sigmoid,147.15736833345036
1008,150,0,False,normal,
1009,150,0,False,normal,
1010,192,0,True,drift_sigmoid,79.2016227542393
1011,123,0,True,delay,158.26730028372296
1012,76,0,True,step,165.52877740850676
1013,264,0,True,delay,123.68174203500719
1014,154,0,False,normal,
1015,239,0,False,normal,
1016,134,0,False,normal,
1017,276,0,True,takeover_step,113.5829416248078
1018,134,0,False,normal,
1019,117,0,True,delay,62.23656649358486
1020,150,0,False,normal,
1021,233,0,True,delay,149.85146211197676
1022,154,0,False,normal,
1023,136,0,False,normal,
1024,166,0,False,normal,
1025,238,0,False,normal,
1026,233,0,True,delay,149.85146211197676
1027,150,0,False,normal,
1028,258,0,True,drift_sigmoid,128.36090134328924
1029,108,1,True,step,75.3845071838438
1030,239,0,False,normal,
1031,250,0,False,normal,
1032,243,0,True,step,127.99537316243467
1033,165,0,True,drift_sigmoid,147.15736833345036
1034,136,0,False,normal,
1035,149,0,True,delay,147.69176370466812
1036,166,0,False,normal,
1037,165,0,True,drift_sigmoid,147.15736833345036
1038,239,0,False,normal,
1039,239,0,False,normal,
1040,243,0,True,step,127.99537316243467
1041,131,0,True,drift_ramp,182.0752846677721
1042,76,0,True,step,165.52877740850676
1043,170,0,False,normal,
1044,76,0,True,step,165.52877740850676
1045,270,0,False,normal,
1046,123,0,True,delay,158.26730028372296
1047,2,0,True,takeover_ramp,95.8006784666841
1048,112,0,True,takeover_ramp,123.96392069259976
1049,118,0,False,normal,
1050,150,0,False,normal,
1051,170,0,False,normal,
1052,233,0,True,delay,149.85146211197676
1053,169,0,True,takeover_ramp,97.420297603735
1054,214,0,False,normal,
1055,250,0,False,normal,
1056,197,0,True,drift_sigmoid,115.19058430867969
1057,150,0,False,normal,
1058,179,0,True,takeover_step,122.10788111664908
1059,118,0,False,normal,
1060,110,1,True,step,84.5364701054331
1061,254,0,True,drift_ramp,94.50622501263359
1062,154,0,False,normal,
1063,192,0,True,drift_sigmoid,79.2016227542393
1064,270,0,False,normal,
1065,270,0,False,normal,
1066,270,0,False,normal,
1067,131,0,True,drift_ramp,182.0752846677721
1068,258,0,True,drift_sigmoid,128.36090134328924
1069,118,0,False,normal,
1070,239,0,False,normal,
1071,166,0,False,normal,
1072,169,1,True,takeover_ramp,97.420297603735
1073,18,0,False,normal,
1074,123,0,True,delay,158.26730028372296
1075,279,0,True,drift_ramp,90.42971961610978
1076,239,0,False,normal,
1077,150,0,False,normal,
1078,166,0,False,normal,
1079,250,0,False,normal,
1080,279,0,True,drift_ramp,90.42971961610978
1081,276,0,True,takeover_step,113.5829416248078
1082,184,0,True,drift_ramp,75.24008074312675
1083,150,0,False,normal,
1084,18,0,False,normal,
1085,154,0,False,normal,
1086,166,0,False,normal,
1087,123,0,True,delay,158.26730028372296
1088,112,0,True,takeover_ramp,123.96392069259976
1089,192,0,True,drift_sigmoid,79.2016227542393
1090,270,0,False,normal,
1091,131,0,True,drift_ramp,182.0752846677721
1092,170,0,False,normal,
1093,170,0,False,normal,
1094,233,0,True,delay,149.85146211197676
1095,134,0,False,normal,
1096,169,0,True,takeover_ramp,97.420297603735
1097,258,0,True,drift_sigmoid,128.36090134328924
1098,149,0,True,delay,147.69176370466812
1099,170,0,False,normal,
1100,179,0,True,takeover_step,122.10788111664908
1101,136,0,False,normal,
1102,212,0,True,drift_sigmoid,79.90523467535208
1103,264,0,True,delay,123.68174203500719
1104,258,0,True,drift_sigmoid,128.36090134328924
1105,154,0,False,normal,
1106,118,0,False,normal,
1107,243,1,True,step,127.99537316243467
1108,170,0,False,normal,
1109,123,0,True,delay,158.26730028372296
1110,258,0,True,drift_sigmoid,128.36090134328924
1111,258,0,True,drift_sigmoid,128.36090134328924
1112,76,0,True,step,165.52877740850676
1113,149,0,True,delay,147.69176370466812
1114,150,0,False,normal,
1115,154,0,False,normal,
1116,264,0,True,delay,123.68174203500719
1117,239,0,False,normal,
1118,239,0,False,normal,
1119,150,0,False,normal,
1120,250,0,False,normal,
1121,264,0,True,delay,123.68174203500719
1122,118,0,False,normal,
1123,150,0,False,normal,
1124,18,0,False,normal,
1125,239,0,False,normal,
1126,184,1,True,drift_ramp,75.24008074312675
1127,264,0,True,delay,123.68174203500719
1128,18,0,False,normal,
1129,166,0,False,normal,
1130,264,0,True,delay,123.68174203500719
1131,250,0,False,normal,
1132,149,0,True,delay,147.69176370466812
1133,184,0,True,drift_ramp,75.24008074312675
1134,131,0,True,drift_ramp,182.0752846677721
1135,170,0,False,normal,
1136,118,0,False,normal,
1137,112,0,True,takeover_ramp,123.96392069259976
1138,250,0,False,normal,
1139,131,0,True,drift_ramp,182.0752846677721
1140,276,0,True,takeover_step,113.5829416248078
1141,165,0,True,drift_sigmoid,147.15736833345036
1142,214,0,False,normal,
1143,118,0,False,normal,
1144,179,0,True,takeover_step,122.10788111664908
1145,170,0,False,normal,
1146,150,0,False,normal,
1147,224,0,True,takeover_step,93.79210260555345
1148,123,0,True,delay,158.26730028372296
1149,258,0,True,drift_sigmoid,128.36090134328924
1150,131,0,True,drift_ramp,182.0752846677721
1151,117,0,True,delay,62.23656649358486
1152,238,0,False,normal,
1153,150,0,False,normal,
1154,197,0,True,drift_sigmoid,115.19058430867969
1155,166,0,False,normal,
1156,233,0,True,delay,149.85146211197676
1157,258,0,True,drift_sigmoid,128.36090134328924
1158,276,0,True,takeover_step,113.5829416248078
1159,77,0,True,takeover_ramp,87.63696498999546
1160,134,0,False,normal,
1161,112,0,True,takeover_ramp,123.96392069259976
1162,254,0,True,drift_ramp,94.50622501263359
1163,264,0,True,delay,123.68174203500719
1164,2,0,True,takeover_ramp,95.8006784666841
1165,166,0,False,normal,
1166,123,0,True,delay,158.26730028372296
1167,170,0,False,normal,
1168,154,0,False,normal,
1169,166,0,False,normal,
1170,243,0,True,step,127.99537316243467
1171,123,0,True,delay,158.26730028372296
1172,154,0,False,normal,
1173,114,1,True,drift_ramp,23.262408845252608
1174,279,0,True,drift_ramp,90.42971961610978
1175,239,0,False,normal,
1176,150,0,False,normal,
1177,169,0,True,takeover_ramp,97.420297603735
1178,238,0,False,normal,
1179,214,0,False,normal,
1180,224,0,True,takeover_step,93.79210260555345
1181,150,0,False,normal,
1182,114,0,True,drift_ramp,23.262408845252608
1183,169,0,True,takeover_ramp,97.420297603735
1184,221,1,True,takeover_step,10.536360647437668
1185,134,0,False,normal,
1186,154,0,False,normal,
1187,239,0,False,normal,
1188,238,0,False,normal,
1189,197,0,True,drift_sigmoid,115.19058430867969
1190,76,0,True,step,165.52877740850676
1191,123,0,True,delay,158.26730028372296
1192,233,0,True,delay,149.85146211197676
1193,264,0,True,delay,123.68174203500719
1194,170,0,False,normal,
1195,170,0,False,normal,
1196,118,0,False,normal,
1197,170,0,False,normal,
1198,270,0,False,normal,
1199,154,0,False,normal,
1200,134,0,False,normal,
1201,179,0,True,takeover_step,122.10788111664908
1202,170,0,False,normal,
1203,108,0,True,step,75.3845071838438
1204,118,0,False,normal,
1205,134,0,False,normal,
1206,76,0,True,step,165.52877740850676
1207,154,0,False,normal,
1208,76,0,True,step,165.52877740850676
1209,179,0,True,takeover_step,122.10788111664908
1210,270,0,False,normal,
1211,233,0,True,delay,149.85146211197676
1212,165,0,True,drift_sigmoid,147.15736833345036
1213,136,0,False,normal,
1214,136,0,False,normal,
1215,238,0,False,normal,
1216,134,0,False,normal,
1217,118,0,False,normal,
1218,166,0,False,normal,
1219,279,0,True,drift_ramp,90.42971961610978
1220,165,0,True,drift_sigmoid,147.15736833345036
1221,112,0,True,takeover_ramp,123.96392069259976
1222,114,0,True,drift_ramp,23.262408845252608
1223,77,0,True,takeover_ramp,87.63696498999546
1224,214,0,False,normal,
1225,162,1,True,takeover_step,14.91515823592874
1226,154,0,False,normal,
1227,239,0,False,normal,
1228,250,0,False,normal,
1229,270,0,False,normal,
1230,166,0,False,normal,
1231,112,0,True,takeover_ramp,123.96392069259976
1232,243,0,True,step,127.99537316243467
1233,264,0,True,delay,123.68174203500719
1234,250,0,False,normal,
1235,243,0,True,step,127.99537316243467
1236,197,0,True,drift_sigmoid,115.19058430867969
1237,150,0,False,normal,
1238,238,0,False,normal,
1239,131,0,True,drift_ramp,182.0752846677721
1240,221,0,True,takeover_step,10.536360647437668
1241,250,0,False,normal,
1242,131,0,True,drift_ramp,182.0752846677721
1243,170,0,False,normal,
1244,279,0,True,drift_ramp,90.42971961610978
1245,239,0,False,normal,
1246,184,0,True,drift_ramp,75.24008074312675
1247,149,0,True,delay,147.69176370466812
1248,192,0,True,drift_sigmoid,79.2016227542393
1249,166,0,False,normal,
1250,123,0,True,delay,158.26730028372296
1251,76,0,True,step,165.52877740850676
1252,110,0,True,step,84.5364701054331
1253,154,0,False,normal,
1254,250,0,False,normal,
1255,112,0,True,takeover_ramp,123.96392069259976
1256,149,0,True,delay,147.69176370466812
1257,123,0,True,delay,158.26730028372296
1258,239,0,False,normal,
1259,150,0,False,normal,
1260,254,1,True,drift_ramp,94.50622501263359
1261,270,0,False,normal,
1262,170,0,False,normal,
1263,136,0,False,normal,
1264,276,0,True,takeover_step,113.5829416248078
1265,264,0,True,delay,123.68174203500719
1266,258,0,True,drift_sigmoid,128.36090134328924
1267,118,0,False,normal,
1268,118,0,False,normal,
1269,239,0,False,normal,
1270,77,0,True,takeover_ramp,87.63696498999546
1271,238,0,False,normal,
1272,134,0,False,normal,
1273,118,0,False,normal,
1274,76,0,True,step,165.52877740850676
1275,276,0,True,takeover_step,113.5829416248078
1276,170,0,False,normal,
1277,170,0,False,normal,
1278,134,0,False,normal,
1279,270,0,False,normal,
1280,239,0,False,normal,
1281,169,0,True,takeover_ramp,97.420297603735
1282,134,0,False,normal,
1283,270,0,False,normal,
1284,270,0,False,normal,
1285,184,0,True,drift_ramp,75.24008074312675
1286,77,0,True,takeover_ramp,87.63696498999546
1287,238,0,False,normal,
1288,233,0,True,delay,149.85146211197676
1289,239,0,False,normal,
1290,95,0,True,step,58.56240426323088
1291,112,0,True,takeover_ramp,123.96392069259976
1292,276,0,True,takeover_step,113.5829416248078
1293,238,0,False,normal,
1294,118,0,False,normal,
1295,212,0,True,drift_sigmoid,79.90523467535208
1296,136,0,False,normal,
1297,112,0,True,takeover_ramp,123.96392069259976
1298,239,0,False,normal,
1299,214,0,False,normal,
1300,76,0,True,step,165.52877740850676
1301,131,0,True,drift_ramp,182.0752846677721
1302,123,0,True,delay,158.26730028372296
1303,166,0,False,normal,
1304,212,0,True,drift_sigmoid,79.90523467535208
1305,212,0,True,drift_sigmoid,79.90523467535208
1306,134,0,False,normal,
1307,250,0,False,normal,
1308,108,0,True,step,75.3845071838438
1309,193,1,True,takeover_ramp,40.23553773066088
1310,279,0,True,drift_ramp,90.42971961610978
1311,224,0,True,takeover_step,93.79210260555345
1312,117,0,True,delay,62.23656649358486
1313,166,0,False,normal,
1314,77,0,True,takeover_ramp,87.63696498999546
1315,238,0,False,normal,
1316,154,0,False,normal,
1317,170,0,False,normal,
1318,184,0,True,drift_ramp,75.24008074312675
1319,112,0,True,takeover_ramp,123.96392069259976
1320,250,0,False,normal,
1321,18,0,False,normal,
1322,134,0,False,normal,
1323,118,0,False,normal,
1324,270,0,False,normal,
1325,258,0,True,drift_sigmoid,128.36090134328924
1326,239,0,False,normal,
1327,123,0,True,delay,158.26730028372296
1328,76,0,True,step,165.52877740850676
1329,134,0,False,normal,
1330,110,0,True,step,84.5364701054331
1331,108,0,True,step,75.3845071838438
1332,169,0,True,takeover_ramp,97.420297603735
1333,254,0,True,drift_ramp,94.50622501263359
1334,214,0,False,normal,
1335,214,0,False,normal,
1336,264,0,True,delay,123.68174203500719
1337,254,0,True,drift_ramp,94.50622501263359
1338,166,0,False,normal,
1339,154,0,False,normal,
1340,136,0,False,normal,
1341,131,0,True,drift_ramp,182.0752846677721
1342,149,0,True,delay,147.69176370466812
1343,238,0,False,normal,
1344,77,0,True,takeover_ramp,87.63696498999546
1345,136,0,False,normal,
1346,134,0,False,normal,
1347,212,0,True,drift_sigmoid,79.90523467535208
1348,250,0,False,normal,
1349,134,0,False,normal,
1350,112,0,True,takeover_ramp,123.96392069259976
1351,254,0,True,drift_ramp,94.50622501263359
1352,270,0,False,normal,
1353,233,0,True,delay,149.85146211197676
1354,117,0,True,delay,62.23656649358486
1355,118,0,False,normal,
1356,131,0,True,drift_ramp,182.0752846677721
1357,238,0,False,normal,
1358,239,0,False,normal,
1359,212,0,True,drift_sigmoid,79.90523467535208
1360,258,0,True,drift_sigmoid,128.36090134328924
1361,154,0,False,normal,
1362,134,0,False,normal,
1363,238,0,False,normal,
1364,197,0,True,drift_sigmoid,115.19058430867969
1365,2,0,True,takeover_ramp,95.8006784666841
1366,254,0,True,drift_ramp,94.50622501263359
1367,131,0,True,drift_ramp,182.0752846677721
1368,179,0,True,takeover_step,122.10788111664908
1369,243,0,True,step,127.99537316243467
1370,117,0,True,delay,62.23656649358486
1371,192,0,True,drift_sigmoid,79.2016227542393
1372,238,0,False,normal,
1373,76,0,True,step,165.52877740850676
1374,238,0,False,normal,
1375,108,0,True,step,75.3845071838438
1376,2,0,True,takeover_ramp,95.8006784666841
1377,238,0,False,normal,
1378,149,0,True,delay,147.69176370466812
1379,221,1,True,takeover_step,10.536360647437668
1380,214,0,False,normal,
1381,238,0,False,normal,
1382,149,0,True,delay,147.69176370466812
1383,95,0,True,step,58.56240426323088
1384,214,0,False,normal,
1385,238,0,False,normal,
1386,264,0,True,delay,123.68174203500719
1387,149,0,True,delay,147.69176370466812
1388,212,1,True,drift_sigmoid,79.90523467535208
1389,118,0,False,normal,
1390,136,0,False,normal,
1391,2,0,True,takeover_ramp,95.8006784666841
1392,166,0,False,normal,
1393,197,0,True,drift_sigmoid,115.19058430867969
1394,131,0,True,drift_ramp,182.0752846677721
1395,279,0,True,drift_ramp,90.42971961610978
1396,76,0,True,step,165.52877740850676
1397,108,0,True,step,75.3845071838438
1398,243,0,True,step,127.99537316243467
1399,254,0,True,drift_ramp,94.50622501263359
1400,134,0,False,normal,
1401,136,0,False,normal,
1402,258,0,True,drift_sigmoid,128.36090134328924
1403,136,0,False,normal,
1404,258,0,True,drift_sigmoid,128.36090134328924
1405,170,0,False,normal,
1406,212,1,True,drift_sigmoid,79.90523467535208
1407,18,0,False,normal,
1408,238,0,False,normal,
1409,270,0,False,normal,
1410,243,0,True,step,127.99537316243467
1411,238,0,False,normal,
1412,118,0,False,normal,
1413,131,0,True,drift_ramp,182.0752846677721
1414,166,0,False,normal,
1415,258,0,True,drift_sigmoid,128.36090134328924
1416,233,0,True,delay,149.85146211197676
1417,18,0,False,normal,
1418,154,0,False,normal,
1419,243,0,True,step,127.99537316243467
1420,166,0,False,normal,
1421,243,0,True,step,127.99537316243467
1422,169,0,True,takeover_ramp,97.420297603735
1423,239,0,False,normal,
1424,112,0,True,takeover_ramp,123.96392069259976
1425,154,0,False,normal,
1426,18,0,False,normal,
1427,18,0,False,normal,
1428,212,0,True,drift_sigmoid,79.90523467535208
1429,250,0,False,normal,
1430,254,0,True,drift_ramp,94.50622501263359
1431,270,0,False,normal,
1432,170,0,False,normal,
1433,250,0,False,normal,
1434,76,0,True,step,165.52877740850676
1435,134,0,False,normal,
1436,154,0,False,normal,
1437,179,0,True,takeover_step,122.10788111664908
1438,250,0,False,normal,
1439,18,0,False,normal,
1440,2,0,True,takeover_ramp,95.8006784666841
1441,150,0,False,normal,
1442,134,0,False,normal,
1443,279,0,True,drift_ramp,90.42971961610978
1444,18,0,False,normal,
1445,243,0,True,step,127.99537316243467
1446,270,0,False,normal,
1447,214,0,False,normal,
1448,118,0,False,normal,
1449,165,0,True,drift_sigmoid,147.15736833345036
1450,276,0,True,takeover_step,113.5829416248078
1451,118,0,False,normal,
1452,184,0,True,drift_ramp,75.24008074312675
1453,136,0,False,normal,
1454,258,0,True,drift_sigmoid,128.36090134328924
1455,18,0,False,normal,
1456,239,0,False,normal,
1457,264,0,True,delay,123.68174203500719
1458,243,0,True,step,127.99537316243467
1459,214,0,False,normal,
1460,150,0,False,normal,
1461,166,0,False,normal,
1462,18,0,False,normal,
1463,192,0,True,drift_sigmoid,79.2016227542393
1464,276,0,True,takeover_step,113.5829416248078
1465,166,0,False,normal,
1466,270,0,False,normal,
1467,95,0,True,step,58.56240426323088
1468,264,0,True,delay,123.68174203500719
1469,154,0,False,normal,
1470,136,0,False,normal,
1471,238,0,False,normal,
1472,238,0,False,normal,
1473,18,0,False,normal,
1474,192,0,True,drift_sigmoid,79.2016227542393
1475,233,0,True,delay,149.85146211197676
1476,18,0,False,normal,
1477,264,0,True,delay,123.68174203500719
1478,212,0,True,drift_sigmoid,79.90523467535208
1479,169,0,True,takeover_ramp,97.420297603735
1480,239,0,False,normal,
1481,250,0,False,normal,
1482,18,0,False,normal,
1483,134,0,False,normal,
1484,165,0,True,drift_sigmoid,147.15736833345036
1485,270,0,False,normal,
1486,166,0,False,normal,
1487,197,0,True,drift_sigmoid,115.19058430867969
1488,184,0,True,drift_ramp,75.24008074312675
1489,192,0,True,drift_sigmoid,79.2016227542393
1490,134,0,False,normal,
1491,131,0,True,drift_ramp,182.0752846677721
1492,250,0,False,normal,
1493,165,0,True,drift_sigmoid,147.15736833345036
1494,117,0,True,delay,62.23656649358486
1495,239,0,False,normal,
1496,18,0,False,normal,
1497,95,0,True,step,58.56240426323088
1498,221,0,True,takeover_step,10.536360647437668
1499,279,0,True,drift_ramp,90.42971961610978
1500,136,0,False,normal,
1501,239,0,False,normal,
1502,258,0,True,drift_sigmoid,128.36090134328924
1503,76,0,True,step,165.52877740850676
1504,243,0,True,step,127.99537316243467
1505,134,0,False,normal,
1506,118,0,False,normal,
1507,110,0,True,step,84.5364701054331
1508,169,0,True,takeover_ramp,97.420297603735
1509,243,0,True,step,127.99537316243467
1510,154,0,False,normal,
1511,166,0,False,normal,
1512,118,0,False,normal,
1513,238,0,False,normal,
1514,108,0,True,step,75.3845071838438
1515,76,0,True,step,165.52877740850676
1516,233,0,True,delay,149.85146211197676
1517,254,0,True,drift_ramp,94.50622501263359
1518,149,0,True,delay,147.69176370466812
1519,149,0,True,delay,147.69176370466812
1520,224,0,True,takeover_step,93.79210260555345
1521,118,0,False,normal,
1522,95,0,True,step,58.56240426323088
1523,197,0,True,drift_sigmoid,115.19058430867969
1524,169,0,True,takeover_ramp,97.420297603735
1525,238,0,False,normal,
1526,254,0,True,drift_ramp,94.50622501263359
1527,165,0,True,drift_sigmoid,147.15736833345036
1528,117,0,True,delay,62.23656649358486
1529,123,0,True,delay,158.26730028372296
1530,134,0,False,normal,
1531,131,0,True,drift_ramp,182.0752846677721
1532,76,0,True,step,165.52877740850676
1533,214,0,False,normal,
1534,18,0,False,normal,
1535,243,0,True,step,127.99537316243467
1536,136,0,False,normal,
1537,276,0,True,takeover_step,113.5829416248078
1538,250,0,False,normal,
1539,165,0,True,drift_sigmoid,147.15736833345036
1540,239,0,False,normal,
1541,193,1,True,takeover_ramp,40.23553773066088
1542,118,0,False,normal,
1543,118,0,False,normal,
1544,214,0,False,normal,
1545,192,0,True,drift_sigmoid,79.2016227542393
1546,76,1,True,step,165.52877740850676
1547,270,0,False,normal,
1548,238,0,False,normal,
1549,150,0,False,normal,
1550,243,0,True,step,127.99537316243467
1551,238,0,False,normal,
1552,258,0,True,drift_sigmoid,128.36090134328924
1553,179,0,True,takeover_step,122.10788111664908
1554,2,0,True,takeover_ramp,95.8006784666841
1555,77,0,True,takeover_ramp,87.63696498999546
1556,214,0,False,normal,
1557,270,0,False,normal,
1558,254,0,True,drift_ramp,94.50622501263359
1559,169,0,True,takeover_ramp,97.420297603735
1560,239,0,False,normal,
1561,250,0,False,normal,
1562,197,0,True,drift_sigmoid,115.19058430867969
1563,166,0,False,normal,
1564,212,0,True,drift_sigmoid,79.90523467535208
1565,117,0,True,delay,62.23656649358486
1566,136,0,False,normal,
1567,136,0,False,normal,
1568,239,0,False,normal,
1569,149,0,True,delay,147.69176370466812
1570,136,0,False,normal,
1571,179,0,True,takeover_step,122.10788111664908
1572,233,0,True,delay,149.85146211197676
1573,166,0,False,normal,
1574,2,0,True,takeover_ramp,95.8006784666841
1575,224,0,True,takeover_step,93.79210260555345
1576,117,0,True,delay,62.23656649358486
1577,250,0,False,normal,
1578,149,0,True,delay,147.69176370466812
1579,154,0,False,normal,
1580,254,0,True,drift_ramp,94.50622501263359
1581,150,0,False,normal,
1582,166,0,False,normal,
1583,243,0,True,step,127.99537316243467
1584,279,0,True,drift_ramp,90.42971961610978
1585,192,0,True,drift_sigmoid,79.2016227542393
1586,224,0,True,takeover_step,93.79210260555345
1587,270,0,False,normal,
1588,165,0,True,drift_sigmoid,147.15736833345036
1589,123,0,True,delay,158.26730028372296
1590,276,0,True,takeover_step,113.5829416248078
1591,238,0,False,normal,
1592,77,0,True,takeover_ramp,87.63696498999546
1593,254,0,True,drift_ramp,94.50622501263359
1594,184,0,True,drift_ramp,75.24008074312675
1595,2,0,True,takeover_ramp,95.8006784666841
1596,258,0,True,drift_sigmoid,128.36090134328924
1597,184,0,True,drift_ramp,75.24008074312675
1598,212,0,True,drift_sigmoid,79.90523467535208
1599,166,0,False,normal,
1600,243,0,True,step,127.99537316243467
1601,279,0,True,drift_ramp,90.42971961610978
1602,131,0,True,drift_ramp,182.0752846677721
1603,214,0,False,normal,
1604,154,0,False,normal,
1605,239,0,False,normal,
1606,2,1,True,takeover_ramp,95.8006784666841
1607,131,0,True,drift_ramp,182.0752846677721
1608,279,0,True,drift_ramp,90.42971961610978
1609,224,0,True,takeover_step,93.79210260555345
1610,184,0,True,drift_ramp,75.24008074312675
1611,118,0,False,normal,
1612,149,0,True,delay,147.69176370466812
1613,162,0,True,takeover_step,14.91515823592874
1614,76,0,True,step,165.52877740850676
1615,170,0,False,normal,
1616,197,0,True,drift_sigmoid,115.19058430867969
1617,258,0,True,drift_sigmoid,128.36090134328924
1618,95,1,True,step,58.56240426323088
1619,270,0,False,normal,
1620,134,0,False,normal,
1621,264,0,True,delay,123.68174203500719
1622,212,0,True,drift_sigmoid,79.90523467535208
1623,238,0,False,normal,
1624,250,0,False,normal,
1625,169,0,True,takeover_ramp,97.420297603735
1626,270,0,False,normal,
1627,243,0,True,step,127.99537316243467
1628,131,0,True,drift_ramp,182.0752846677721
1629,166,0,False,normal,
1630,279,0,True,drift_ramp,90.42971961610978
1631,192,0,True,drift_sigmoid,79.2016227542393
1632,270,0,False,normal,
1633,258,1,True,drift_sigmoid,128.36090134328924
1634,243,0,True,step,127.99537316243467
1635,254,0,True,drift_ramp,94.50622501263359
1636,192,0,True,drift_sigmoid,79.2016227542393
1637,118,0,False,normal,
1638,118,0,False,normal,
1639,134,0,False,normal,
1640,258,0,True,drift_sigmoid,128.36090134328924
1641,166,0,False,normal,
1642,170,0,False,normal,
1643,197,0,True,drift_sigmoid,115.19058430867969
1644,258,0,True,drift_sigmoid,128.36090134328924
1645,250,0,False,normal,
1646,264,0,True,delay,123.68174203500719
1647,233,0,True,delay,149.85146211197676
1648,76,0,True,step,165.52877740850676
1649,76,0,True,step,165.52877740850676
1650,224,0,True,takeover_step,93.79210260555345
1651,276,0,True,takeover_step,113.5829416248078
1652,76,0,True,step,165.52877740850676
1653,18,0,False,normal,
1654,123,0,True,delay,158.26730028372296
1655,131,0,True,drift_ramp,182.0752846677721
1656,166,0,False,normal,
1657,238,0,False,normal,
1658,123,1,True,delay,158.26730028372296
1659,123,0,True,delay,158.26730028372296
1660,184,0,True,drift_ramp,75.24008074312675
1661,170,0,False,normal,
1662,149,0,True,delay,147.69176370466812
1663,233,0,True,delay,149.85146211197676
1664,239,0,False,normal,
1665,250,0,False,normal,
1666,238,0,False,normal,
1667,192,0,True,drift_sigmoid,79.2016227542393
1668,212,0,True,drift_sigmoid,79.90523467535208
1669,254,0,True,drift_ramp,94.50622501263359
1670,169,0,True,takeover_ramp,97.420297603735
1671,258,0,True,drift_sigmoid,128.36090134328924
1672,258,0,True,drift_sigmoid,128.36090134328924
1673,131,0,True,drift_ramp,182.0752846677721
1674,258,0,True,drift_sigmoid,128.36090134328924
1675,123,0,True,delay,158.26730028372296
1676,118,0,False,normal,
1677,123,0,True,delay,158.26730028372296
1678,239,0,False,normal,
1679,238,0,False,normal,
1680,154,0,False,normal,
1681,170,0,False,normal,
1682,154,0,False,normal,
1683,117,0,True,delay,62.23656649358486
1684,250,0,False,normal,
1685,165,0,True,drift_sigmoid,147.15736833345036
1686,131,0,True,drift_ramp,182.0752846677721
1687,243,0,True,step,127.99537316243467
1688,77,0,True,takeover_ramp,87.63696498999546
1689,165,0,True,drift_sigmoid,147.15736833345036
1690,239,0,False,normal,
1691,238,0,False,normal,
1692,131,0,True,drift_ramp,182.0752846677721
1693,123,0,True,delay,158.26730028372296
1694,276,0,True,takeover_step,113.5829416248078
1695,212,0,True,drift_sigmoid,79.90523467535208
1696,166,0,False,normal,
1697,150,0,False,normal,
1698,2,1,True,takeover_ramp,95.8006784666841
1699,238,0,False,normal,
1700,123,0,True,delay,158.26730028372296
1701,224,0,True,takeover_step,93.79210260555345
1702,250,0,False,normal,
1703,118,0,False,normal,
1704,212,0,True,drift_sigmoid,79.90523467535208
1705,233,0,True,delay,149.85146211197676
1706,166,0,False,normal,
1707,118,0,False,normal,
1708,166,0,False,normal,
1709,123,0,True,delay,158.26730028372296
1710,166,0,False,normal,
1711,239,0,False,normal,
1712,169,0,True,takeover_ramp,97.420297603735
1713,112,0,True,takeover_ramp,123.96392069259976
1714,224,0,True,takeover_step,93.79210260555345
1715,77,0,True,takeover_ramp,87.63696498999546
1716,239,0,False,normal,
1717,224,0,True,takeover_step,93.79210260555345
1718,154,0,False,normal,
1719,136,0,False,normal,
1720,154,0,False,normal,
1721,270,0,False,normal,
1722,166,0,False,normal,
1723,76,0,True,step,165.52877740850676
1724,134,0,False,normal,
1725,112,0,True,takeover_ramp,123.96392069259976
1726,118,0,False,normal,
1727,118,0,False,normal,
1728,192,0,True,drift_sigmoid,79.2016227542393
1729,170,0,False,normal,
1730,270,0,False,normal,
1731,131,0,True,drift_ramp,182.0752846677721
1732,165,0,True,drift_sigmoid,147.15736833345036
1733,192,0,True,drift_sigmoid,79.2016227542393
1734,136,0,False,normal,
1735,165,0,True,drift_sigmoid,147.15736833345036
1736,238,0,False,normal,
1737,243,0,True,step,127.99537316243467
1738,131,0,True,drift_ramp,182.0752846677721
1739,224,0,True,takeover_step,93.79210260555345
1740,136,0,False,normal,
1741,165,0,True,drift_sigmoid,147.15736833345036
1742,18,0,False,normal,
1743,169,0,True,takeover_ramp,97.420297603735
1744,110,0,True,step,84.5364701054331
1745,76,0,True,step,165.52877740850676
1746,165,0,True,drift_sigmoid,147.15736833345036
1747,254,0,True,drift_ramp,94.50622501263359
1748,250,0,False,normal,
1749,149,0,True,delay,147.69176370466812
1750,238,0,False,normal,
1751,270,0,False,normal,
1752,110,0,True,step,84.5364701054331
1753,184,0,True,drift_ramp,75.24008074312675
1754,270,0,False,normal,
1755,239,0,False,normal,
1756,170,0,False,normal,
1757,131,0,True,drift_ramp,182.0752846677721
1758,118,0,False,normal,
1759,18,0,False,normal,
1760,76,0,True,step,165.52877740850676
1761,2,0,True,takeover_ramp,95.8006784666841
1762,243,0,True,step,127.99537316243467
1763,131,0,True,drift_ramp,182.0752846677721
1764,76,0,True,step,165.52877740850676
1765,123,0,True,delay,158.26730028372296
1766,270,0,False,normal,
1767,233,0,True,delay,149.85146211197676
1768,192,0,True,drift_sigmoid,79.2016227542393
1769,166,0,False,normal,
1770,197,0,True,drift_sigmoid,115.19058430867969
1771,76,0,True,step,165.52877740850676
1772,233,0,True,delay,149.85146211197676
1773,117,0,True,delay,62.23656649358486
1774,238,0,False,normal,
1775,179,0,True,takeover_step,122.10788111664908
1776,170,0,False,normal,
1777,179,0,True,takeover_step,122.10788111664908
1778,18,0,False,normal,
1779,243,0,True,step,127.99537316243467
1780,18,0,False,normal,
1781,270,0,False,normal,
1782,214,0,False,normal,
1783,2,0,True,takeover_ramp,95.8006784666841
1784,250,0,False,normal,
1785,136,0,False,normal,
1786,150,0,False,normal,
1787,170,0,False,normal,
1788,131,0,True,drift_ramp,182.0752846677721
1789,224,0,True,takeover_step,93.79210260555345
1790,131,0,True,drift_ramp,182.0752846677721
1791,154,0,False,normal,
1792,131,0,True,drift_ramp,182.0752846677721
1793,108,0,True,step,75.3845071838438
1794,197,0,True,drift_sigmoid,115.19058430867969
1795,270,0,False,normal,
1796,118,0,False,normal,
1797,123,0,True,delay,158.26730028372296
1798,134,0,False,normal,
1799,131,0,True,drift_ramp,182.0752846677721
1800,118,0,False,normal,
1801,110,1,True,step,84.5364701054331
1802,118,0,False,normal,
1803,110,0,True,step,84.5364701054331
1804,76,0,True,step,165.52877740850676
1805,77,0,True,takeover_ramp,87.63696498999546
1806,136,0,False,normal,
1807,166,0,False,normal,
1808,179,0,True,takeover_step,122.10788111664908
1809,224,0,True,takeover_step,93.79210260555345
1810,270,0,False,normal,
1811,166,0,False,normal,
1812,239,0,False,normal,
1813,193,0,True,takeover_ramp,40.23553773066088
1814,112,0,True,takeover_ramp,123.96392069259976
1815,166,0,False,normal,
1816,243,1,True,step,127.99537316243467
1817,179,0,True,takeover_step,122.10788111664908
1818,18,0,False,normal,
1819,118,0,False,normal,
1820,77,0,True,takeover_ramp,87.63696498999546
1821,150,0,False,normal,
1822,131,0,True,drift_ramp,182.0752846677721
1823,2,0,True,takeover_ramp,95.8006784666841
1824,131,0,True,drift_ramp,182.0752846677721
1825,150,0,False,normal,
1826,184,1,True,drift_ramp,75.24008074312675
1827,76,0,True,step,165.52877740850676
1828,170,0,False,normal,
1829,110,0,True,step,84.5364701054331
1830,2,0,True,takeover_ramp,95.8006784666841
1831,243,0,True,step,127.99537316243467
1832,250,0,False,normal,
1833,238,0,False,normal,
1834,136,0,False,normal,
1835,95,0,True,step,58.56240426323088
1836,224,0,True,takeover_step,93.79210260555345
1837,276,0,True,takeover_step,113.5829416248078
1838,270,0,False,normal,
1839,165,0,True,drift_sigmoid,147.15736833345036
1840,154,0,False,normal,
1841,258,0,True,drift_sigmoid,128.36090134328924
1842,2,0,True,takeover_ramp,95.8006784666841
1843,233,0,True,delay,149.85146211197676
1844,270,0,False,normal,
1845,192,0,True,drift_sigmoid,79.2016227542393
1846,224,1,True,takeover_step,93.79210260555345
1847,270,0,False,normal,
1848,134,0,False,normal,
1849,276,0,True,takeover_step,113.5829416248078
1850,123,0,True,delay,158.26730028372296
1851,270,0,False,normal,
1852,239,0,False,normal,
1853,150,0,False,normal,
1854,77,0,True,takeover_ramp,87.63696498999546
1855,239,0,False,normal,
1856,239,0,False,normal,
1857,134,0,False,normal,
1858,112,0,True,takeover_ramp,123.96392069259976
1859,258,0,True,drift_sigmoid,128.36090134328924
1860,264,0,True,delay,123.68174203500719
1861,238,0,False,normal,
1862,239,0,False,normal,
1863,243,0,True,step,127.99537316243467
1864,166,0,False,normal,
1865,238,0,False,normal,
1866,118,0,False,normal,
1867,243,0,True,step,127.99537316243467
1868,224,0,True,takeover_step,93.79210260555345
1869,76,0,True,step,165.52877740850676
1870,170,0,False,normal,
1871,118,0,False,normal,
1872,193,0,True,takeover_ramp,40.23553773066088
1873,18,0,False,normal,
1874,258,0,True,drift_sigmoid,128.36090134328924
1875,166,0,False,normal,
1876,150,0,False,normal,
1877,112,0,True,takeover_ramp,123.96392069259976
1878,233,0,True,delay,149.85146211197676
1879,238,0,False,normal,
1880,264,0,True,delay,123.68174203500719
1881,150,0,False,normal,
1882,264,0,True,delay,123.68174203500719
1883,77,0,True,takeover_ramp,87.63696498999546
1884,166,0,False,normal,
1885,165,0,True,drift_sigmoid,147.15736833345036
1886,166,0,False,normal,
1887,136,0,False,normal,
1888,238,0,False,normal,
1889,154,0,False,normal,
1890,134,0,False,normal,
1891,233,0,True,delay,149.85146211197676
1892,77,0,True,takeover_ramp,87.63696498999546
1893,179,0,True,takeover_step,122.10788111664908
1894,114,0,True,drift_ramp,23.262408845252608
1895,123,0,True,delay,158.26730028372296
1896,118,0,False,normal,
1897,117,0,True,delay,62.23656649358486
1898,250,0,False,normal,
1899,118,0,False,normal,
1900,112,0,True,takeover_ramp,123.96392069259976
1901,238,0,False,normal,
1902,258,0,True,drift_sigmoid,128.36090134328924
1903,258,0,True,drift_sigmoid,128.36090134328924
1904,214,0,False,normal,
1905,154,0,False,normal,
1906,149,0,True,delay,147.69176370466812
1907,224,0,True,takeover_step,93.79210260555345
1908,276,0,True,takeover_step,113.5829416248078
1909,279,0,True,drift_ramp,90.42971961610978
1910,192,0,True,drift_sigmoid,79.2016227542393
1911,197,0,True,drift_sigmoid,115.19058430867969
1912,76,0,True,step,165.52877740850676
1913,149,0,True,delay,147.69176370466812
1914,118,0,False,normal,
1915,18,0,False,normal,
1916,212,0,True,drift_sigmoid,79.90523467535208
1917,18,0,False,normal,
1918,279,0,True,drift_ramp,90.42971961610978
1919,279,0,True,drift_ramp,90.42971961610978
1920,170,0,False,normal,
1921,165,0,True,drift_sigmoid,147.15736833345036
1922,239,0,False,normal,
1923,136,0,False,normal,
1924,112,0,True,takeover_ramp,123.96392069259976
1925,112,0,True,takeover_ramp,123.96392069259976
1926,238,0,False,normal,
1927,193,0,True,takeover_ramp,40.23553773066088
1928,136,0,False,normal,
1929,224,0,True,takeover_step,93.79210260555345
1930,134,0,False,normal,
1931,179,0,True,takeover_step,122.10788111664908
1932,76,0,True,step,165.52877740850676
1933,131,1,True,drift_ramp,182.0752846677721
1934,2,0,True,takeover_ramp,95.8006784666841
1935,270,0,False,normal,
1936,170,0,False,normal,
1937,250,0,False,normal,
1938,117,0,True,delay,62.23656649358486
1939,123,0,True,delay,158.26730028372296
1940,150,0,False,normal,
1941,76,0,True,step,165.52877740850676
1942,258,0,True,drift_sigmoid,128.36090134328924
1943,112,0,True,takeover_ramp,123.96392069259976
1944,134,0,False,normal,
1945,149,0,True,delay,147.69176370466812
1946,239,0,False,normal,
1947,136,0,False,normal,
1948,169,0,True,takeover_ramp,97.420297603735
1949,123,0,True,delay,158.26730028372296
1950,76,0,True,step,165.52877740850676
1951,131,0,True,drift_ramp,182.0752846677721
1952,118,0,False,normal,
1953,118,0,False,normal,
1954,165,0,True,drift_sigmoid,147.15736833345036
1955,154,0,False,normal,
1956,154,0,False,normal,
1957,123,0,True,delay,158.26730028372296
1958,184,0,True,drift_ramp,75.24008074312675
1959,123,0,True,delay,158.26730028372296
1960,18,0,False,normal,
1961,166,0,False,normal,
1962,254,0,True,drift_ramp,94.50622501263359
1963,134,0,False,normal,
1964,123,0,True,delay,158.26730028372296
1965,118,0,False,normal,
1966,2,0,True,takeover_ramp,95.8006784666841
1967,165,0,True,drift_sigmoid,147.15736833345036
1968,250,0,False,normal,
1969,270,0,False,normal,
1970,108,0,True,step,75.3845071838438
1971,2,0,True,takeover_ramp,95.8006784666841
1972,214,0,False,normal,
1973,110,0,True,step,84.5364701054331
1974,118,0,False,normal,
1975,118,0,False,normal,
1976,170,0,False,normal,
1977,18,0,False,normal,
1978,154,0,False,normal,
1979,270,0,False,normal,
1980,136,0,False,normal,
1981,214,0,False,normal,
1982,270,0,False,normal,
1983,118,0,False,normal,
1984,239,0,False,normal,
1985,77,0,True,takeover_ramp,87.63696498999546
1986,2,0,True,takeover_ramp,95.8006784666841
1987,150,0,False,normal,
1988,154,0,False,normal,
1989,258,0,True,drift_sigmoid,128.36090134328924
1990,184,0,True,drift_ramp,75.24008074312675
1991,112,0,True,takeover_ramp,123.96392069259976
1992,258,0,True,drift_sigmoid,128.36090134328924
1993,233,0,True,delay,149.85146211197676
1994,170,0,False,normal,
1995,279,0,True,drift_ramp,90.42971961610978
1996,276,0,True,takeover_step,113.5829416248078
1997,131,0,True,drift_ramp,182.0752846677721
1998,170,0,False,normal,
1999,136,0,False,normal,
2000,243,0,True,step,127.99537316243467
2001,165,0,True,drift_sigmoid,147.15736833345036
2002,77,0,True,takeover_ramp,87.63696498999546
2003,118,0,False,normal,
2004,170,0,False,normal,
2005,95,0,True,step,58.56240426323088
2006,214,0,False,normal,
2007,18,0,False,normal,
2008,112,0,True,takeover_ramp,123.96392069259976
2009,118,0,False,normal,
2010,238,0,False,normal,
2011,250,0,False,normal,
2012,250,0,False,normal,
2013,250,0,False,normal,
2014,123,0,True,delay,158.26730028372296
2015,238,0,False,normal,
2016,197,0,True,drift_sigmoid,115.19058430867969
2017,112,0,True,takeover_ramp,123.96392069259976
2018,258,0,True,drift_sigmoid,128.36090134328924
2019,123,0,True,delay,158.26730028372296
2020,131,0,True,drift_ramp,182.0752846677721
2021,18,0,False,normal,
2022,258,0,True,drift_sigmoid,128.36090134328924
2023,270,0,False,normal,
2024,270,0,False,normal,
2025,118,0,False,normal,
2026,258,0,True,drift_sigmoid,128.36090134328924
2027,154,0,False,normal,
2028,184,0,True,drift_ramp,75.24008074312675
2029,239,0,False,normal,
2030,238,0,False,normal,
2031,276,0,True,takeover_step,113.5829416248078
2032,18,0,False,normal,
2033,165,0,True,drift_sigmoid,147.15736833345036
2034,112,0,True,takeover_ramp,123.96392069259976
2035,131,0,True,drift_ramp,182.0752846677721
2036,136,0,False,normal,
2037,264,0,True,delay,123.68174203500719
2038,243,0,True,step,127.99537316243467
2039,134,0,False,normal,
2040,166,0,False,normal,
2041,270,0,False,normal,
2042,270,0,False,normal,
2043,136,0,False,normal,
2044,76,0,True,step,165.52877740850676
2045,254,0,True,drift_ramp,94.50622501263359
2046,276,0,True,takeover_step,113.5829416248078
2047,238,0,False,normal,
2048,2,0,True,takeover_ramp,95.8006784666841
2049,238,0,False,normal,
2050,134,0,False,normal,
2051,184,0,True,drift_ramp,75.24008074312675
2052,76,0,True,step,165.52877740850676
2053,238,0,False,normal,
2054,279,0,True,drift_ramp,90.42971961610978
2055,76,0,True,step,165.52877740850676
2056,150,0,False,normal,
2057,276,0,True,takeover_step,113.5829416248078
2058,239,0,False,normal,
2059,166,0,False,normal,
2060,118,0,False,normal,
2061,117,0,True,delay,62.23656649358486
2062,214,0,False,normal,
2063,193,0,True,takeover_ramp,40.23553773066088
2064,233,0,True,delay,149.85146211197676
2065,165,0,True,drift_sigmoid,147.15736833345036
2066,170,0,False,normal,
2067,238,0,False,normal,
2068,264,0,True,delay,123.68174203500719
2069,117,0,True,delay,62.23656649358486
2070,250,0,False,normal,
2071,243,0,True,step,127.99537316243467
2072,233,0,True,delay,149.85146211197676
2073,154,0,False,normal,
2074,270,0,False,normal,
2075,197,0,True,drift_sigmoid,115.19058430867969
2076,76,0,True,step,165.52877740850676
2077,112,0,True,takeover_ramp,123.96392069259976
2078,170,0,False,normal,
2079,179,0,True,takeover_step,122.10788111664908
2080,238,0,False,normal,
2081,270,0,False,normal,
2082,154,0,False,normal,
2083,243,0,True,step,127.99537316243467
2084,239,0,False,normal,
2085,76,0,True,step,165.52877740850676
2086,131,0,True,drift_ramp,182.0752846677721
2087,197,0,True,drift_sigmoid,115.19058430867969
2088,18,0,False,normal,
2089,214,0,False,normal,
2090,150,0,False,normal,
2091,270,0,False,normal,
2092,136,0,False,normal,
2093,118,0,False,normal,
2094,238,0,False,normal,
2095,270,0,False,normal,
2096,270,0,False,normal,
2097,150,0,False,normal,
2098,238,0,False,normal,
2099,214,0,False,normal,
2100,134,0,False,normal,
2101,243,0,True,step,127.99537316243467
2102,193,0,True,takeover_ramp,40.23553773066088
2103,233,0,True,delay,149.85146211197676
2104,239,0,False,normal,
2105,192,0,True,drift_sigmoid,79.2016227542393
2106,170,0,False,normal,
2107,110,0,True,step,84.5364701054331
2108,258,0,True,drift_sigmoid,128.36090134328924
2109,239,0,False,normal,
2110,110,0,True,step,84.5364701054331
2111,162,1,True,takeover_step,14.91515823592874
2112,184,0,True,drift_ramp,75.24008074312675
2113,250,0,False,normal,
2114,212,0,True,drift_sigmoid,79.90523467535208
2115,154,0,False,normal,
2116,95,0,True,step,58.56240426323088
2117,166,0,False,normal,
2118,179,0,True,takeover_step,122.10788111664908
2119,18,0,False,normal,
2120,136,0,False,normal,
2121,123,0,True,delay,158.26730028372296
2122,76,0,True,step,165.52877740850676
2123,112,0,True,takeover_ramp,123.96392069259976
2124,238,0,False,normal,
2125,239,0,False,normal,
2126,212,0,True,drift_sigmoid,79.90523467535208
2127,118,0,False,normal,
2128,193,0,True,takeover_ramp,40.23553773066088
2129,166,0,False,normal,
2130,2,1,True,takeover_ramp,95.8006784666841
2131,154,0,False,normal,
2132,238,0,False,normal,
2133,270,0,False,normal,
2134,270,0,False,normal,
2135,254,0,True,drift_ramp,94.50622501263359
2136,243,0,True,step,127.99537316243467
2137,169,0,True,takeover_ramp,97.420297603735
2138,258,0,True,drift_sigmoid,128.36090134328924
2139,214,0,False,normal,
2140,18,0,False,normal,
2141,18,0,False,normal,
2142,179,0,True,takeover_step,122.10788111664908
2143,154,0,False,normal,
2144,197,0,True,drift_sigmoid,115.19058430867969
2145,276,0,True,takeover_step,113.5829416248078
2146,238,0,False,normal,
2147,250,0,False,normal,
2148,279,0,True,drift_ramp,90.42971961610978
2149,258,0,True,drift_sigmoid,128.36090134328924
2150,131,0,True,drift_ramp,182.0752846677721
2151,123,0,True,delay,158.26730028372296
2152,243,0,True,step,127.99537316243467
2153,154,0,False,normal,
2154,123,0,True,delay,158.26730028372296
2155,276,0,True,takeover_step,113.5829416248078
2156,250,0,False,normal,
2157,123,0,True,delay,158.26730028372296
2158,131,0,True,drift_ramp,182.0752846677721
2159,150,0,False,normal,
2160,131,0,True,drift_ramp,182.0752846677721
2161,123,0,True,delay,158.26730028372296
2162,110,0,True,step,84.5364701054331
2163,170,0,False,normal,
2164,238,0,False,normal,
2165,212,0,True,drift_sigmoid,79.90523467535208
2166,77,0,True,takeover_ramp,87.63696498999546
2167,112,0,True,takeover_ramp,123.96392069259976
2168,154,0,False,normal,
2169,136,0,False,normal,
2170,214,0,False,normal,
2171,243,0,True,step,127.99537316243467
2172,238,0,False,normal,
2173,239,0,False,normal,
2174,276,0,True,takeover_step,113.5829416248078
2175,154,0,False,normal,
2176,165,0,True,drift_sigmoid,147.15736833345036
2177,77,0,True,takeover_ramp,87.63696498999546
2178,18,0,False,normal,
2179,118,0,False,normal,
2180,276,0,True,takeover_step,113.5829416248078
2181,258,0,True,drift_sigmoid,128.36090134328924
2182,233,0,True,delay,149.85146211197676
2183,149,0,True,delay,147.69176370466812
2184,166,0,False,normal,
2185,214,0,False,normal,
2186,131,0,True,drift_ramp,182.0752846677721
2187,238,0,False,normal,
2188,258,0,True,drift_sigmoid,128.36090134328924
2189,179,0,True,takeover_step,122.10788111664908
2190,114,0,True,drift_ramp,23.262408845252608
2191,224,0,True,takeover_step,93.79210260555345
2192,76,0,True,step,165.52877740850676
2193,2,0,True,takeover_ramp,95.8006784666841
2194,250,0,False,normal,
2195,254,0,True,drift_ramp,94.50622501263359
2196,250,0,False,normal,
2197,77,0,True,takeover_ramp,87.63696498999546
2198,179,0,True,takeover_step,122.10788111664908
2199,154,0,False,normal,
2200,270,0,False,normal,
2201,77,0,True,takeover_ramp,87.63696498999546
2202,154,0,False,normal,
2203,150,0,False,normal,
2204,76,0,True,step,165.52877740850676
2205,108,0,True,step,75.3845071838438
2206,154,0,False,normal,
2207,118,0,False,normal,
2208,238,0,False,normal,
2209,250,0,False,normal,
2210,250,0,False,normal,
2211,136,0,False,normal,
2212,154,0,False,normal,
2213,154,0,False,normal,
2214,239,0,False,normal,
2215,118,0,False,normal,
2216,250,0,False,normal,
2217,250,0,False,normal,
2218,149,0,True,delay,147.69176370466812
2219,197,0,True,drift_sigmoid,115.19058430867969
2220,18,0,False,normal,
2221,270,0,False,normal,
2222,270,0,False,normal,
2223,184,0,True,drift_ramp,75.24008074312675
2224,134,0,False,normal,
2225,279,0,True,drift_ramp,90.42971961610978
2226,238,0,False,normal,
2227,131,1,True,drift_ramp,182.0752846677721
2228,184,0,True,drift_ramp,75.24008074312675
2229,169,0,True,takeover_ramp,97.420297603735
2230,179,0,True,takeover_step,122.10788111664908
2231,264,0,True,delay,123.68174203500719
2232,117,0,True,delay,62.23656649358486
2233,136,0,False,normal,
2234,154,0,False,normal,
2235,169,0,True,takeover_ramp,97.420297603735
2236,279,0,True,drift_ramp,90.42971961610978
2237,118,0,False,normal,
2238,108,0,True,step,75.3845071838438
2239,118,0,False,normal,
2240,134,0,False,normal,
2241,264,0,True,delay,123.68174203500719
2242,76,0,True,step,165.52877740850676
2243,95,0,True,step,58.56240426323088
2244,238,0,False,normal,
2245,214,0,False,normal,
2246,212,0,True,drift_sigmoid,79.90523467535208
2247,76,0,True,step,165.52877740850676
2248,18,0,False,normal,
2249,149,0,True,delay,147.69176370466812
2250,149,0,True,delay,147.69176370466812
2251,214,0,False,normal,
2252,2,0,True,takeover_ramp,95.8006784666841
2253,150,0,False,normal,
2254,134,0,False,normal,
2255,166,0,False,normal,
2256,170,0,False,normal,
2257,118,0,False,normal,
2258,264,0,True,delay,123.68174203500719
2259,76,0,True,step,165.52877740850676
2260,112,0,True,takeover_ramp,123.96392069259976
2261,233,0,True,delay,149.85146211197676
2262,117,0,True,delay,62.23656649358486
2263,270,0,False,normal,
2264,136,0,False,normal,
2265,179,1,True,takeover_step,122.10788111664908
2266,258,0,True,drift_sigmoid,128.36090134328924
2267,77,0,True,takeover_ramp,87.63696498999546
2268,117,0,True,delay,62.23656649358486
2269,118,0,False,normal,
2270,18,0,False,normal,
2271,214,0,False,normal,
2272,165,0,True,drift_sigmoid,147.15736833345036
2273,170,0,False,normal,
2274,131,0,True,drift_ramp,182.0752846677721
2275,76,0,True,step,165.52877740850676
2276,162,1,True,takeover_step,14.91515823592874
2277,110,0,True,step,84.5364701054331
2278,233,0,True,delay,149.85146211197676
2279,108,0,True,step,75.3845071838438
2280,192,0,True,drift_sigmoid,79.2016227542393
2281,258,0,True,drift_sigmoid,128.36090134328924
2282,169,0,True,takeover_ramp,97.420297603735
2283,18,0,False,normal,
2284,179,0,True,takeover_step,122.10788111664908
2285,136,0,False,normal,
2286,118,0,False,normal,
2287,250,0,False,normal,
2288,149,0,True,delay,147.69176370466812
2289,134,0,False,normal,
2290,134,0,False,normal,
2291,254,0,True,drift_ramp,94.50622501263359
2292,264,0,True,delay,123.68174203500719
2293,134,0,False,normal,
2294,239,0,False,normal,
2295,197,0,True,drift_sigmoid,115.19058430867969
2296,279,0,True,drift_ramp,90.42971961610978
2297,279,0,True,drift_ramp,90.42971961610978
2298,2,0,True,takeover_ramp,95.8006784666841
2299,179,0,True,takeover_step,122.10788111664908
2300,276,0,True,takeover_step,113.5829416248078
2301,131,0,True,drift_ramp,182.0752846677721
2302,264,0,True,delay,123.68174203500719
2303,238,0,False,normal,
2304,123,0,True,delay,158.26730028372296
2305,165,0,True,drift_sigmoid,147.15736833345036
2306,233,0,True,delay,149.85146211197676
2307,169,0,True,takeover_ramp,97.420297603735
2308,149,0,True,delay,147.69176370466812
2309,254,0,True,drift_ramp,94.50622501263359
2310,136,0,False,normal,
2311,270,0,False,normal,
2312,118,0,False,normal,
2313,170,0,False,normal,
2314,276,0,True,takeover_step,113.5829416248078
2315,162,1,True,takeover_step,14.91515823592874
2316,192,0,True,drift_sigmoid,79.2016227542393
2317,149,0,True,delay,147.69176370466812
2318,118,0,False,normal,
2319,77,0,True,takeover_ramp,87.63696498999546
2320,77,0,True,takeover_ramp,87.63696498999546
2321,250,0,False,normal,
2322,233,0,True,delay,149.85146211197676
2323,118,0,False,normal,
2324,170,0,False,normal,
2325,165,0,True,drift_sigmoid,147.15736833345036
2326,112,0,True,takeover_ramp,123.96392069259976
2327,264,0,True,delay,123.68174203500719
2328,123,0,True,delay,158.26730028372296
2329,134,0,False,normal,
2330,77,0,True,takeover_ramp,87.63696498999546
2331,112,0,True,takeover_ramp,123.96392069259976
2332,77,0,True,takeover_ramp,87.63696498999546
2333,150,0,False,normal,
2334,239,0,False,normal,
2335,239,0,False,normal,
2336,169,0,True,takeover_ramp,97.420297603735
2337,270,0,False,normal,
2338,166,0,False,normal,
2339,214,0,False,normal,
2340,233,0,True,delay,149.85146211197676
2341,150,0,False,normal,
2342,77,0,True,takeover_ramp,87.63696498999546
2343,239,0,False,normal,
2344,95,0,True,step,58.56240426323088
2345,150,0,False,normal,
2346,112,0,True,takeover_ramp,123.96392069259976
2347,239,0,False,normal,
2348,166,0,False,normal,
2349,279,0,True,drift_ramp,90.42971961610978
2350,118,0,False,normal,
2351,270,0,False,normal,
2352,279,0,True,drift_ramp,90.42971961610978
2353,112,0,True,takeover_ramp,123.96392069259976
2354,250,0,False,normal,
2355,214,0,False,normal,
2356,264,0,True,delay,123.68174203500719
2357,162,0,True,takeover_step,14.91515823592874
2358,179,0,True,takeover_step,122.10788111664908
2359,108,0,True,step,75.3845071838438
2360,238,0,False,normal,
2361,254,0,True,drift_ramp,94.50622501263359
2362,179,0,True,takeover_step,122.10788111664908
2363,214,0,False,normal,
2364,118,0,False,normal,
2365,250,0,False,normal,
2366,239,0,False,normal,
2367,238,0,False,normal,
2368,118,0,False,normal,
2369,179,0,True,takeover_step,122.10788111664908
2370,134,0,False,normal,
2371,254,0,True,drift_ramp,94.50622501263359
2372,254,0,True,drift_ramp,94.50622501263359
2373,110,0,True,step,84.5364701054331
2374,212,0,True,drift_sigmoid,79.90523467535208
2375,150,0,False,normal,
2376,250,0,False,normal,
2377,77,0,True,takeover_ramp,87.63696498999546
2378,165,0,True,drift_sigmoid,147.15736833345036
2379,193,1,True,takeover_ramp,40.23553773066088
2380,118,0,False,normal,
2381,239,0,False,normal,
2382,276,0,True,takeover_step,113.5829416248078
2383,150,0,False,normal,
2384,243,0,True,step,127.99537316243467
2385,76,0,True,step,165.52877740850676
2386,214,0,False,normal,
2387,264,0,True,delay,123.68174203500719
2388,110,0,True,step,84.5364701054331
2389,238,0,False,normal,
2390,239,0,False,normal,
2391,238,0,False,normal,
2392,166,0,False,normal,
2393,179,0,True,takeover_step,122.10788111664908
2394,149,0,True,delay,147.69176370466812
2395,264,0,True,delay,123.68174203500719
2396,118,0,False,normal,
2397,166,0,False,normal,
2398,233,0,True,delay,149.85146211197676
2399,149,0,True,delay,147.69176370466812
2400,264,0,True,delay,123.68174203500719
2401,250,0,False,normal,
2402,169,0,True,takeover_ramp,97.420297603735
2403,214,0,False,normal,
2404,166,0,False,normal,
2405,150,0,False,normal,
2406,279,0,True,drift_ramp,90.42971961610978
2407,270,0,False,normal,
2408,276,0,True,takeover_step,113.5829416248078
2409,239,0,False,normal,
2410,131,1,True,drift_ramp,182.0752846677721
2411,165,0,True,drift_sigmoid,147.15736833345036
2412,131,0,True,drift_ramp,182.0752846677721
2413,118,0,False,normal,
2414,76,0,True,step,165.52877740850676
2415,243,0,True,step,127.99537316243467
2416,154,0,False,normal,
2417,254,0,True,drift_ramp,94.50622501263359
2418,184,0,True,drift_ramp,75.24008074312675
2419,2,1,True,takeover_ramp,95.8006784666841
2420,123,0,True,delay,158.26730028372296
2421,123,0,True,delay,158.26730028372296
2422,118,0,False,normal,
2423,134,0,False,normal,
2424,193,1,True,takeover_ramp,40.23553773066088
2425,238,0,False,normal,
2426,149,0,True,delay,147.69176370466812
2427,238,0,False,normal,
2428,118,0,False,normal,
2429,110,0,True,step,84.5364701054331
2430,270,0,False,normal,
2431,193,0,True,takeover_ramp,40.23553773066088
2432,18,0,False,normal,
2433,197,0,True,drift_sigmoid,115.19058430867969
2434,131,0,True,drift_ramp,182.0752846677721
2435,243,0,True,step,127.99537316243467
2436,184,1,True,drift_ramp,75.24008074312675
2437,264,0,True,delay,123.68174203500719
2438,131,0,True,drift_ramp,182.0752846677721
2439,76,0,True,step,165.52877740850676
2440,233,0,True,delay,149.85146211197676
2441,270,0,False,normal,
2442,169,0,True,takeover_ramp,97.420297603735
2443,239,0,False,normal,
2444,238,0,False,normal,
2445,239,0,False,normal,
2446,77,0,True,takeover_ramp,87.63696498999546
2447,114,0,True,drift_ramp,23.262408845252608
2448,179,0,True,takeover_step,122.10788111664908
2449,117,0,True,delay,62.23656649358486
2450,166,0,False,normal,
2451,118,0,False,normal,
2452,114,0,True,drift_ramp,23.262408845252608
2453,136,0,False,normal,
2454,279,0,True,drift_ramp,90.42971961610978
2455,136,0,False,normal,
2456,192,0,True,drift_sigmoid,79.2016227542393
2457,197,0,True,drift_sigmoid,115.19058430867969
2458,131,0,True,drift_ramp,182.0752846677721
2459,169,0,True,takeover_ramp,97.420297603735
2460,170,0,False,normal,
2461,224,0,True,takeover_step,93.79210260555345
2462,170,0,False,normal,
2463,270,0,False,normal,
2464,134,0,False,normal,
2465,184,0,True,drift_ramp,75.24008074312675
2466,117,0,True,delay,62.23656649358486
2467,279,0,True,drift_ramp,90.42971961610978
2468,18,0,False,normal,
2469,149,0,True,delay,147.69176370466812
2470,239,0,False,normal,
2471,134,0,False,normal,
2472,77,0,True,takeover_ramp,87.63696498999546
2473,154,0,False,normal,
2474,118,0,False,normal,
2475,179,0,True,takeover_step,122.10788111664908
2476,214,0,False,normal,
2477,131,0,True,drift_ramp,182.0752846677721
2478,264,0,True,delay,123.68174203500719
2479,279,0,True,drift_ramp,90.42971961610978
2480,276,0,True,takeover_step,113.5829416248078
2481,118,0,False,normal,
2482,123,0,True,delay,158.26730028372296
2483,134,0,False,normal,
2484,131,0,True,drift_ramp,182.0752846677721
2485,76,0,True,step,165.52877740850676
2486,165,0,True,drift_sigmoid,147.15736833345036
2487,212,0,True,drift_sigmoid,79.90523467535208
2488,197,0,True,drift_sigmoid,115.19058430867969
2489,95,1,True,step,58.56240426323088
2490,233,0,True,delay,149.85146211197676
2491,212,0,True,drift_sigmoid,79.90523467535208
2492,150,0,False,normal,
2493,166,0,False,normal,
2494,170,0,False,normal,
2495,169,1,True,takeover_ramp,97.420297603735
2496,184,1,True,drift_ramp,75.24008074312675
2497,212,0,True,drift_sigmoid,79.90523467535208
2498,238,0,False,normal,
2499,118,0,False,normal,
2500,118,0,False,normal,
2501,118,0,False,normal,
2502,214,0,False,normal,
2503,136,0,False,normal,
2504,150,0,False,normal,
2505,150,0,False,normal,
2506,118,0,False,normal,
2507,165,0,True,drift_sigmoid,147.15736833345036
2508,18,0,False,normal,
2509,243,0,True,step,127.99537316243467
2510,166,0,False,normal,
2511,18,0,False,normal,
2512,131,0,True,drift_ramp,182.0752846677721
2513,214,0,False,normal,
2514,166,0,False,normal,
2515,18,0,False,normal,
2516,254,0,True,drift_ramp,94.50622501263359
2517,149,0,True,delay,147.69176370466812
2518,192,0,True,drift_sigmoid,79.2016227542393
2519,18,0,False,normal,
2520,76,0,True,step,165.52877740850676
2521,110,0,True,step,84.5364701054331
2522,134,0,False,normal,
2523,239,0,False,normal,
2524,165,0,True,drift_sigmoid,147.15736833345036
2525,150,0,False,normal,
2526,264,0,True,delay,123.68174203500719
2527,243,0,True,step,127.99537316243467
2528,77,0,True,takeover_ramp,87.63696498999546
2529,233,0,True,delay,149.85146211197676
2530,150,0,False,normal,
2531,238,0,False,normal,
2532,233,0,True,delay,149.85146211197676
2533,276,0,True,takeover_step,113.5829416248078
2534,184,1,True,drift_ramp,75.24008074312675
2535,118,0,False,normal,
2536,150,0,False,normal,
2537,123,0,True,delay,158.26730028372296
2538,150,0,False,normal,
2539,118,0,False,normal,
2540,134,0,False,normal,
2541,2,0,True,takeover_ramp,95.8006784666841
2542,166,0,False,normal,
2543,270,0,False,normal,
2544,131,0,True,drift_ramp,182.0752846677721
2545,264,0,True,delay,123.68174203500719
2546,110,1,True,step,84.5364701054331
2547,170,0,False,normal,
2548,214,0,False,normal,
2549,165,0,True,drift_sigmoid,147.15736833345036
2550,131,0,True,drift_ramp,182.0752846677721
2551,134,0,False,normal,
2552,250,0,False,normal,
2553,276,0,True,takeover_step,113.5829416248078
2554,197,0,True,drift_sigmoid,115.19058430867969
2555,76,0,True,step,165.52877740850676
2556,136,0,False,normal,
2557,184,0,True,drift_ramp,75.24008074312675
2558,243,0,True,step,127.99537316243467
2559,110,0,True,step,84.5364701054331
2560,212,0,True,drift_sigmoid,79.90523467535208
2561,193,0,True,takeover_ramp,40.23553773066088
2562,2,1,True,takeover_ramp,95.8006784666841
2563,279,0,True,drift_ramp,90.42971961610978
2564,118,0,False,normal,
2565,18,0,False,normal,
2566,77,0,True,takeover_ramp,87.63696498999546
2567,110,0,True,step,84.5364701054331
2568,238,0,False,normal,
2569,233,0,True,delay,149.85146211197676
2570,192,0,True,drift_sigmoid,79.2016227542393
2571,214,0,False,normal,
2572,270,0,False,normal,
2573,110,0,True,step,84.5364701054331
2574,239,0,False,normal,
2575,118,0,False,normal,
2576,18,0,False,normal,
2577,264,0,True,delay,123.68174203500719
2578,193,0,True,takeover_ramp,40.23553773066088
2579,112,0,True,takeover_ramp,123.96392069259976
2580,154,0,False,normal,
2581,76,0,True,step,165.52877740850676
2582,250,0,False,normal,
2583,154,0,False,normal,
2584,192,0,True,drift_sigmoid,79.2016227542393
2585,233,0,True,delay,149.85146211197676
2586,110,0,True,step,84.5364701054331
2587,243,0,True,step,127.99537316243467
2588,214,0,False,normal,
2589,193,0,True,takeover_ramp,40.23553773066088
2590,250,0,False,normal,
2591,165,0,True,drift_sigmoid,147.15736833345036
2592,238,0,False,normal,
2593,162,0,True,takeover_step,14.91515823592874
2594,149,0,True,delay,147.69176370466812
2595,112,0,True,takeover_ramp,123.96392069259976
2596,276,0,True,takeover_step,113.5829416248078
2597,233,0,True,delay,149.85146211197676
2598,224,0,True,takeover_step,93.79210260555345
2599,233,0,True,delay,149.85146211197676
2600,76,0,True,step,165.52877740850676
2601,150,0,False,normal,
2602,117,0,True,delay,62.23656649358486
2603,166,0,False,normal,
2604,154,0,False,normal,
2605,193,0,True,takeover_ramp,40.23553773066088
2606,239,0,False,normal,
2607,238,0,False,normal,
2608,110,0,True,step,84.5364701054331
2609,131,0,True,drift_ramp,182.0752846677721
2610,118,0,False,normal,
2611,192,0,True,drift_sigmoid,79.2016227542393
2612,118,0,False,normal,
2613,179,0,True,takeover_step,122.10788111664908
2614,224,1,True,takeover_step,93.79210260555345
2615,254,0,True,drift_ramp,94.50622501263359
2616,131,0,True,drift_ramp,182.0752846677721
2617,118,0,False,normal,
2618,117,0,True,delay,62.23656649358486
2619,170,0,False,normal,
2620,169,0,True,takeover_ramp,97.420297603735
2621,118,0,False,normal,
2622,270,0,False,normal,
2623,76,0,True,step,165.52877740850676
2624,264,0,True,delay,123.68174203500719
2625,118,0,False,normal,
2626,118,0,False,normal,
2627,276,0,True,takeover_step,113.5829416248078
2628,118,0,False,normal,
2629,264,0,True,delay,123.68174203500719
2630,18,0,False,normal,
2631,193,0,True,takeover_ramp,40.23553773066088
2632,131,0,True,drift_ramp,182.0752846677721
2633,166,0,False,normal,
2634,169,0,True,takeover_ramp,97.420297603735
2635,239,0,False,normal,
2636,239,0,False,normal,
2637,239,0,False,normal,
2638,123,0,True,delay,158.26730028372296
2639,169,0,True,takeover_ramp,97.420297603735
2640,136,0,False,normal,
2641,239,0,False,normal,
2642,118,0,False,normal,
2643,136,0,False,normal,
2644,131,0,True,drift_ramp,182.0752846677721
2645,108,0,True,step,75.3845071838438
2646,258,0,True,drift_sigmoid,128.36090134328924
2647,250,0,False,normal,
2648,184,0,True,drift_ramp,75.24008074312675
2649,279,0,True,drift_ramp,90.42971961610978
2650,131,0,True,drift_ramp,182.0752846677721
2651,214,0,False,normal,
2652,110,0,True,step,84.5364701054331
2653,136,0,False,normal,
2654,134,0,False,normal,
2655,197,0,True,drift_sigmoid,115.19058430867969
2656,110,0,True,step,84.5364701054331
2657,179,0,True,takeover_step,122.10788111664908
2658,233,0,True,delay,149.85146211197676
2659,197,0,True,drift_sigmoid,115.19058430867969
2660,270,0,False,normal,
2661,136,0,False,normal,
2662,179,0,True,takeover_step,122.10788111664908
2663,117,0,True,delay,62.23656649358486
2664,118,0,False,normal,
2665,250,0,False,normal,
2666,123,0,True,delay,158.26730028372296
2667,258,0,True,drift_sigmoid,128.36090134328924
2668,239,0,False,normal,
2669,224,0,True,takeover_step,93.79210260555345
2670,239,0,False,normal,
2671,134,0,False,normal,
2672,131,0,True,drift_ramp,182.0752846677721
2673,243,0,True,step,127.99537316243467
2674,118,0,False,normal,
2675,243,0,True,step,127.99537316243467
2676,118,0,False,normal,
2677,238,0,False,normal,
2678,149,0,True,delay,147.69176370466812
2679,150,0,False,normal,
2680,136,0,False,normal,
2681,123,0,True,delay,158.26730028372296
2682,192,0,True,drift_sigmoid,79.2016227542393
2683,165,0,True,drift_sigmoid,147.15736833345036
2684,108,0,True,step,75.3845071838438
2685,112,0,True,takeover_ramp,123.96392069259976
2686,117,0,True,delay,62.23656649358486
2687,276,1,True,takeover_step,113.5829416248078
2688,136,0,False,normal,
2689,239,0,False,normal,
2690,76,0,True,step,165.52877740850676
2691,238,0,False,normal,
2692,150,0,False,normal,
2693,250,0,False,normal,
2694,250,0,False,normal,
2695,238,0,False,normal,
2696,154,0,False,normal,
2697,18,0,False,normal,
2698,270,0,False,normal,
2699,239,0,False,normal,
2700,254,0,True,drift_ramp,94.50622501263359
2701,134,0,False,normal,
2702,166,0,False,normal,
2703,169,0,True,takeover_ramp,97.420297603735
2704,254,0,True,drift_ramp,94.50622501263359
2705,254,0,True,drift_ramp,94.50622501263359
2706,197,0,True,drift_sigmoid,115.19058430867969
2707,154,0,False,normal,
2708,270,0,False,normal,
2709,154,0,False,normal,
2710,238,0,False,normal,
2711,193,0,True,takeover_ramp,40.23553773066088
2712,112,0,True,takeover_ramp,123.96392069259976
2713,250,0,False,normal,
2714,76,0,True,step,165.52877740850676
2715,250,0,False,normal,
2716,169,0,True,takeover_ramp,97.420297603735
2717,123,0,True,delay,158.26730028372296
2718,270,0,False,normal,
2719,110,0,True,step,84.5364701054331
2720,254,0,True,drift_ramp,94.50622501263359
2721,76,0,True,step,165.52877740850676
2722,165,0,True,drift_sigmoid,147.15736833345036
2723,179,0,True,takeover_step,122.10788111664908
2724,270,0,False,normal,
2725,76,0,True,step,165.52877740850676
2726,131,0,True,drift_ramp,182.0752846677721
2727,123,0,True,delay,158.26730028372296
2728,214,0,False,normal,
2729,243,0,True,step,127.99537316243467
2730,184,0,True,drift_ramp,75.24008074312675
2731,254,0,True,drift_ramp,94.50622501263359
2732,212,0,True,drift_sigmoid,79.90523467535208
2733,279,0,True,drift_ramp,90.42971961610978
2734,150,0,False,normal,
2735,258,0,True,drift_sigmoid,128.36090134328924
2736,184,0,True,drift_ramp,75.24008074312675
2737,276,0,True,takeover_step,113.5829416248078
2738,276,0,True,takeover_step,113.5829416248078
2739,136,0,False,normal,
2740,18,0,False,normal,
2741,76,0,True,step,165.52877740850676
2742,165,0,True,drift_sigmoid,147.15736833345036
2743,243,0,True,step,127.99537316243467
2744,118,0,False,normal,
2745,250,0,False,normal,
2746,117,0,True,delay,62.23656649358486
2747,193,0,True,takeover_ramp,40.23553773066088
2748,270,0,False,normal,
2749,166,0,False,normal,
2750,118,0,False,normal,
2751,212,0,True,drift_sigmoid,79.90523467535208
2752,76,0,True,step,165.52877740850676
2753,112,0,True,takeover_ramp,123.96392069259976
2754,197,0,True,drift_sigmoid,115.19058430867969
2755,279,0,True,drift_ramp,90.42971961610978
2756,134,0,False,normal,
2757,243,0,True,step,127.99537316243467
2758,2,0,True,takeover_ramp,95.8006784666841
2759,250,0,False,normal,
2760,131,0,True,drift_ramp,182.0752846677721
2761,165,0,True,drift_sigmoid,147.15736833345036
2762,243,0,True,step,127.99537316243467
2763,197,1,True,drift_sigmoid,115.19058430867969
2764,197,0,True,drift_sigmoid,115.19058430867969
2765,18,0,False,normal,
2766,270,0,False,normal,
2767,179,0,True,takeover_step,122.10788111664908
2768,18,0,False,normal,
2769,131,0,True,drift_ramp,182.0752846677721
2770,112,0,True,takeover_ramp,123.96392069259976
2771,18,0,False,normal,
2772,123,0,True,delay,158.26730028372296
2773,258,0,True,drift_sigmoid,128.36090134328924
2774,179,0,True,takeover_step,122.10788111664908
2775,221,1,True,takeover_step,10.536360647437668
2776,258,0,True,drift_sigmoid,128.36090134328924
2777,264,0,True,delay,123.68174203500719
2778,166,0,False,normal,
2779,77,0,True,takeover_ramp,87.63696498999546
2780,131,0,True,drift_ramp,182.0752846677721
2781,108,0,True,step,75.3845071838438
2782,239,0,False,normal,
2783,118,0,False,normal,
2784,112,0,True,takeover_ramp,123.96392069259976
2785,149,0,True,delay,147.69176370466812
2786,169,0,True,takeover_ramp,97.420297603735
2787,212,0,True,drift_sigmoid,79.90523467535208
2788,197,0,True,drift_sigmoid,115.19058430867969
2789,238,0,False,normal,
2790,166,0,False,normal,
2791,134,0,False,normal,
2792,131,0,True,drift_ramp,182.0752846677721
2793,184,0,True,drift_ramp,75.24008074312675
2794,134,0,False,normal,
2795,108,0,True,step,75.3845071838438
2796,184,0,True,drift_ramp,75.24008074312675
2797,279,0,True,drift_ramp,90.42971961610978
2798,165,0,True,drift_sigmoid,147.15736833345036
2799,179,0,True,takeover_step,122.10788111664908
2800,131,0,True,drift_ramp,182.0752846677721
2801,214,0,False,normal,
2802,149,0,True,delay,147.69176370466812
2803,131,0,True,drift_ramp,182.0752846677721
2804,166,0,False,normal,
2805,2,0,True,takeover_ramp,95.8006784666841
2806,212,0,True,drift_sigmoid,79.90523467535208
2807,270,0,False,normal,
2808,270,0,False,normal,
2809,154,0,False,normal,
2810,179,0,True,takeover_step,122.10788111664908
2811,110,1,True,step,84.5364701054331
2812,117,1,True,delay,62.23656649358486
2813,165,0,True,drift_sigmoid,147.15736833345036
2814,149,0,True,delay,147.69176370466812
2815,154,0,False,normal,
2816,166,0,False,normal,
2817,2,0,True,takeover_ramp,95.8006784666841
2818,264,0,True,delay,123.68174203500719
2819,166,0,False,normal,
2820,238,0,False,normal,
2821,243,0,True,step,127.99537316243467
2822,123,0,True,delay,158.26730028372296
2823,212,0,True,drift_sigmoid,79.90523467535208
2824,18,0,False,normal,
2825,239,0,False,normal,
2826,149,0,True,delay,147.69176370466812
2827,197,0,True,drift_sigmoid,115.19058430867969
2828,110,0,True,step,84.5364701054331
2829,239,0,False,normal,
2830,197,0,True,drift_sigmoid,115.19058430867969
2831,112,0,True,takeover_ramp,123.96392069259976
2832,170,0,False,normal,
2833,214,0,False,normal,
2834,134,0,False,normal,
2835,136,0,False,normal,
2836,276,0,True,takeover_step,113.5829416248078
2837,131,0,True,drift_ramp,182.0752846677721
2838,270,0,False,normal,
2839,250,0,False,normal,
2840,197,0,True,drift_sigmoid,115.19058430867969
2841,108,0,True,step,75.3845071838438
2842,166,0,False,normal,
2843,165,0,True,drift_sigmoid,147.15736833345036
2844,239,0,False,normal,
2845,131,0,True,drift_ramp,182.0752846677721
2846,18,0,False,normal,
2847,239,0,False,normal,
2848,134,0,False,normal,
2849,212,0,True,drift_sigmoid,79.90523467535208
2850,131,0,True,drift_ramp,182.0752846677721
2851,150,0,False,normal,
2852,108,0,True,step,75.3845071838438
2853,238,0,False,normal,
2854,258,0,True,drift_sigmoid,128.36090134328924
2855,224,0,True,takeover_step,93.79210260555345
2856,76,0,True,step,165.52877740850676
2857,118,0,False,normal,
2858,184,0,True,drift_ramp,75.24008074312675
2859,134,0,False,normal,
2860,258,0,True,drift_sigmoid,128.36090134328924
2861,136,0,False,normal,
2862,214,0,False,normal,
2863,149,0,True,delay,147.69176370466812
2864,150,0,False,normal,
2865,134,0,False,normal,
2866,110,0,True,step,84.5364701054331
2867,154,0,False,normal,
2868,224,0,True,takeover_step,93.79210260555345
2869,179,0,True,takeover_step,122.10788111664908
2870,239,0,False,normal,
2871,270,0,False,normal,
2872,250,0,False,normal,
2873,165,1,True,drift_sigmoid,147.15736833345036
2874,77,0,True,takeover_ramp,87.63696498999546
2875,276,0,True,takeover_step,113.5829416248078
2876,134,0,False,normal,
2877,254,0,True,drift_ramp,94.50622501263359
2878,233,1,True,delay,149.85146211197676
2879,117,0,True,delay,62.23656649358486
2880,243,0,True,step,127.99537316243467
2881,238,0,False,normal,
2882,118,0,False,normal,
2883,149,0,True,delay,147.69176370466812
2884,77,0,True,takeover_ramp,87.63696498999546
2885,193,0,True,takeover_ramp,40.23553773066088
2886,239,0,False,normal,
2887,136,0,False,normal,
2888,224,0,True,takeover_step,93.79210260555345
2889,250,0,False,normal,
2890,150,0,False,normal,
2891,154,0,False,normal,
2892,118,0,False,normal,
2893,233,0,True,delay,149.85146211197676
2894,154,0,False,normal,
2895,165,0,True,drift_sigmoid,147.15736833345036
2896,224,0,True,takeover_step,93.79210260555345
2897,136,0,False,normal,
2898,123,0,True,delay,158.26730028372296
2899,123,0,True,delay,158.26730028372296
2900,165,0,True,drift_sigmoid,147.15736833345036
2901,149,0,True,delay,147.69176370466812
2902,192,0,True,drift_sigmoid,79.2016227542393
2903,150,0,False,normal,
2904,76,0,True,step,165.52877740850676
2905,270,0,False,normal,
2906,136,0,False,normal,
2907,136,0,False,normal,
2908,238,0,False,normal,
2909,214,0,False,normal,
2910,149,0,True,delay,147.69176370466812
2911,233,0,True,delay,149.85146211197676
2912,214,0,False,normal,
2913,131,0,True,drift_ramp,182.0752846677721
2914,239,0,False,normal,
2915,270,0,False,normal,
2916,239,0,False,normal,
2917,238,0,False,normal,
2918,170,0,False,normal,
2919,243,0,True,step,127.99537316243467
2920,197,0,True,drift_sigmoid,115.19058430867969
2921,233,0,True,delay,149.85146211197676
2922,149,0,True,delay,147.69176370466812
2923,258,0,True,drift_sigmoid,128.36090134328924
2924,112,0,True,takeover_ramp,123.96392069259976
2925,131,0,True,drift_ramp,182.0752846677721
2926,134,0,False,normal,
2927,134,0,False,normal,
2928,150,0,False,normal,
2929,169,0,True,takeover_ramp,97.420297603735
2930,279,0,True,drift_ramp,90.42971961610978
2931,150,0,False,normal,
2932,264,0,True,delay,123.68174203500719
2933,197,0,True,drift_sigmoid,115.19058430867969
2934,118,0,False,normal,
2935,77,1,True,takeover_ramp,87.63696498999546
2936,76,0,True,step,165.52877740850676
2937,131,0,True,drift_ramp,182.0752846677721
2938,165,0,True,drift_sigmoid,147.15736833345036
2939,233,0,True,delay,149.85146211197676
2940,112,0,True,takeover_ramp,123.96392069259976
2941,279,0,True,drift_ramp,90.42971961610978
2942,239,0,False,normal,
2943,149,0,True,delay,147.69176370466812
2944,239,0,False,normal,
2945,123,0,True,delay,158.26730028372296
2946,239,0,False,normal,
2947,193,0,True,takeover_ramp,40.23553773066088
2948,118,0,False,normal,
2949,270,0,False,normal,
2950,224,0,True,takeover_step,93.79210260555345
2951,184,0,True,drift_ramp,75.24008074312675
2952,239,0,False,normal,
2953,77,0,True,takeover_ramp,87.63696498999546
2954,136,0,False,normal,
2955,112,0,True,takeover_ramp,123.96392069259976
2956,250,0,False,normal,
2957,243,0,True,step,127.99537316243467
2958,276,0,True,takeover_step,113.5829416248078
2959,233,0,True,delay,149.85146211197676
2960,233,0,True,delay,149.85146211197676
2961,77,0,True,takeover_ramp,87.63696498999546
2962,2,1,True,takeover_ramp,95.8006784666841
2963,270,0,False,normal,
2964,254,0,True,drift_ramp,94.50622501263359
2965,131,0,True,drift_ramp,182.0752846677721
2966,214,0,False,normal,
2967,18,0,False,normal,
2968,197,0,True,drift_sigmoid,115.19058430867969
2969,254,0,True,drift_ramp,94.50622501263359
2970,165,0,True,drift_sigmoid,147.15736833345036
2971,123,0,True,delay,158.26730028372296
2972,134,0,False,normal,
2973,170,0,False,normal,
2974,238,0,False,normal,
2975,77,0,True,takeover_ramp,87.63696498999546
2976,197,0,True,drift_sigmoid,115.19058430867969
2977,166,0,False,normal,
2978,18,0,False,normal,
2979,149,0,True,delay,147.69176370466812
2980,154,0,False,normal,
2981,243,0,True,step,127.99537316243467
2982,270,0,False,normal,
2983,169,0,True,takeover_ramp,97.420297603735
2984,165,0,True,drift_sigmoid,147.15736833345036
2985,95,0,True,step,58.56240426323088
2986,192,0,True,drift_sigmoid,79.2016227542393
2987,2,0,True,takeover_ramp,95.8006784666841
2988,118,0,False,normal,
2989,276,0,True,takeover_step,113.5829416248078
2990,238,0,False,normal,
2991,270,0,False,normal,
2992,154,0,False,normal,
2993,150,0,False,normal,
2994,76,0,True,step,165.52877740850676
2995,258,0,True,drift_sigmoid,128.36090134328924
2996,243,0,True,step,127.99537316243467
2997,276,0,True,takeover_step,113.5829416248078
2998,110,0,True,step,84.5364701054331
2999,154,0,False,normal,
3000,193,0,True,takeover_ramp,40.23553773066088
3001,118,0,False,normal,
3002,258,0,True,drift_sigmoid,128.36090134328924
3003,118,0,False,normal,
3004,238,0,False,normal,
3005,192,0,True,drift_sigmoid,79.2016227542393
3006,136,0,False,normal,
3007,264,0,True,delay,123.68174203500719
3008,118,0,False,normal,
3009,212,1,True,drift_sigmoid,79.90523467535208
3010,197,0,True,drift_sigmoid,115.19058430867969
3011,179,0,True,takeover_step,122.10788111664908
3012,243,0,True,step,127.99537316243467
3013,118,0,False,normal,
3014,264,0,True,delay,123.68174203500719
3015,110,0,True,step,84.5364701054331
3016,166,0,False,normal,
3017,18,0,False,normal,
3018,2,0,True,takeover_ramp,95.8006784666841
3019,258,0,True,drift_sigmoid,128.36090134328924
3020,276,0,True,takeover_step,113.5829416248078
3021,184,1,True,drift_ramp,75.24008074312675
3022,131,0,True,drift_ramp,182.0752846677721
3023,18,0,False,normal,
3024,239,0,False,normal,
3025,131,0,True,drift_ramp,182.0752846677721
3026,238,0,False,normal,
3027,150,0,False,normal,
3028,2,0,True,takeover_ramp,95.8006784666841
3029,184,0,True,drift_ramp,75.24008074312675
3030,112,0,True,takeover_ramp,123.96392069259976
3031,279,0,True,drift_ramp,90.42971961610978
3032,212,0,True,drift_sigmoid,79.90523467535208
3033,233,0,True,delay,149.85146211197676
3034,166,0,False,normal,
3035,136,0,False,normal,
3036,239,0,False,normal,
3037,170,0,False,normal,
3038,279,0,True,drift_ramp,90.42971961610978
3039,233,0,True,delay,149.85146211197676
3040,165,0,True,drift_sigmoid,147.15736833345036
3041,264,0,True,delay,123.68174203500719
3042,170,0,False,normal,
3043,2,1,True,takeover_ramp,95.8006784666841
3044,118,0,False,normal,
3045,134,0,False,normal,
3046,233,0,True,delay,149.85146211197676
3047,279,0,True,drift_ramp,90.42971961610978
3048,117,0,True,delay,62.23656649358486
3049,123,0,True,delay,158.26730028372296
3050,239,0,False,normal,
3051,197,0,True,drift_sigmoid,115.19058430867969
3052,134,0,False,normal,
3053,131,1,True,drift_ramp,182.0752846677721
3054,276,0,True,takeover_step,113.5829416248078
3055,264,0,True,delay,123.68174203500719
3056,95,0,True,step,58.56240426323088
3057,18,0,False,normal,
3058,254,0,True,drift_ramp,94.50622501263359
3059,165,0,True,drift_sigmoid,147.15736833345036
3060,270,0,False,normal,
3061,134,0,False,normal,
3062,134,0,False,normal,
3063,136,0,False,normal,
3064,258,0,True,drift_sigmoid,128.36090134328924
3065,134,0,False,normal,
3066,110,0,True,step,84.5364701054331
3067,134,0,False,normal,
3068,118,0,False,normal,
3069,136,0,False,normal,
3070,76,0,True,step,165.52877740850676
3071,254,0,True,drift_ramp,94.50622501263359
3072,112,0,True,takeover_ramp,123.96392069259976
3073,112,0,True,takeover_ramp,123.96392069259976
3074,238,0,False,normal,
3075,149,0,True,delay,147.69176370466812
3076,239,0,False,normal,
3077,239,0,False,normal,
3078,136,0,False,normal,
3079,131,0,True,drift_ramp,182.0752846677721
3080,110,0,True,step,84.5364701054331
3081,118,0,False,normal,
3082,233,0,True,delay,149.85146211197676
3083,112,0,True,takeover_ramp,123.96392069259976
3084,233,0,True,delay,149.85146211197676
3085,118,0,False,normal,
3086,170,0,False,normal,
3087,118,0,False,normal,
3088,165,0,True,drift_sigmoid,147.15736833345036
3089,238,0,False,normal,
3090,108,0,True,step,75.3845071838438
3091,239,0,False,normal,
3092,76,0,True,step,165.52877740850676
3093,149,0,True,delay,147.69176370466812
3094,233,0,True,delay,149.85146211197676
3095,264,0,True,delay,123.68174203500719
3096,112,0,True,takeover_ramp,123.96392069259976
3097,165,0,True,drift_sigmoid,147.15736833345036
3098,238,0,False,normal,
3099,165,1,True,drift_sigmoid,147.15736833345036
3100,108,0,True,step,75.3845071838438
3101,239,0,False,normal,
3102,233,0,True,delay,149.85146211197676
3103,258,0,True,drift_sigmoid,128.36090134328924
3104,110,0,True,step,84.5364701054331
3105,166,0,False,normal,
3106,149,0,True,delay,147.69176370466812
3107,192,0,True,drift_sigmoid,79.2016227542393
3108,270,0,False,normal,
3109,150,0,False,normal,
3110,270,0,False,normal,
3111,165,0,True,drift_sigmoid,147.15736833345036
3112,239,0,False,normal,
3113,243,0,True,step,127.99537316243467
3114,18,0,False,normal,
3115,238,0,False,normal,
3116,212,0,True,drift_sigmoid,79.90523467535208
3117,166,0,False,normal,
3118,131,0,True,drift_ramp,182.0752846677721
3119,134,0,False,normal,
3120,134,0,False,normal,
3121,233,0,True,delay,149.85146211197676
3122,224,0,True,takeover_step,93.79210260555345
3123,254,1,True,drift_ramp,94.50622501263359
3124,166,0,False,normal,
3125,170,0,False,normal,
3126,238,0,False,normal,
3127,18,0,False,normal,
3128,112,0,True,takeover_ramp,123.96392069259976
3129,77,0,True,takeover_ramp,87.63696498999546
3130,76,0,True,step,165.52877740850676
3131,170,0,False,normal,
3132,166,0,False,normal,
3133,123,0,True,delay,158.26730028372296
3134,279,1,True,drift_ramp,90.42971961610978
3135,118,0,False,normal,
3136,166,0,False,normal,
3137,154,0,False,normal,
3138,131,0,True,drift_ramp,182.0752846677721
3139,134,0,False,normal,
3140,239,0,False,normal,
3141,134,0,False,normal,
3142,243,0,True,step,127.99537316243467
3143,131,0,True,drift_ramp,182.0752846677721
3144,165,0,True,drift_sigmoid,147.15736833345036
3145,136,0,False,normal,
3146,239,0,False,normal,
3147,270,0,False,normal,
3148,233,0,True,delay,149.85146211197676
3149,238,0,False,normal,
3150,118,0,False,normal,
3151,118,0,False,normal,
3152,238,0,False,normal,
3153,150,0,False,normal,
3154,270,0,False,normal,
3155,110,0,True,step,84.5364701054331
3156,238,0,False,normal,
3157,224,0,True,takeover_step,93.79210260555345
3158,76,0,True,step,165.52877740850676
3159,2,0,True,takeover_ramp,95.8006784666841
3160,150,0,False,normal,
3161,2,0,True,takeover_ramp,95.8006784666841
3162,110,0,True,step,84.5364701054331
3163,136,0,False,normal,
3164,150,0,False,normal,
3165,239,0,False,normal,
3166,131,0,True,drift_ramp,182.0752846677721
3167,76,0,True,step,165.52877740850676
3168,18,0,False,normal,
3169,179,0,True,takeover_step,122.10788111664908
3170,134,0,False,normal,
3171,117,0,True,delay,62.23656649358486
3172,254,0,True,drift_ramp,94.50622501263359
3173,239,0,False,normal,
3174,134,0,False,normal,
3175,239,0,False,normal,
3176,270,0,False,normal,
3177,18,0,False,normal,
3178,118,0,False,normal,
3179,238,0,False,normal,
3180,131,0,True,drift_ramp,182.0752846677721
3181,192,0,True,drift_sigmoid,79.2016227542393
3182,192,0,True,drift_sigmoid,79.2016227542393
3183,270,0,False,normal,
3184,149,0,True,delay,147.69176370466812
3185,233,0,True,delay,149.85146211197676
3186,270,0,False,normal,
3187,131,0,True,drift_ramp,182.0752846677721
3188,108,0,True,step,75.3845071838438
3189,2,0,True,takeover_ramp,95.8006784666841
3190,264,0,True,delay,123.68174203500719
3191,112,0,True,takeover_ramp,123.96392069259976
3192,76,0,True,step,165.52877740850676
3193,76,0,True,step,165.52877740850676
3194,254,0,True,drift_ramp,94.50622501263359
3195,170,0,False,normal,
3196,166,0,False,normal,
3197,165,0,True,drift_sigmoid,147.15736833345036
3198,250,0,False,normal,
3199,238,0,False,normal,
3200,118,0,False,normal,
3201,110,0,True,step,84.5364701054331
3202,123,0,True,delay,158.26730028372296
3203,243,0,True,step,127.99537316243467
3204,166,0,False,normal,
3205,250,0,False,normal,
3206,250,0,False,normal,
3207,239,0,False,normal,
3208,166,0,False,normal,
3209,76,0,True,step,165.52877740850676
3210,136,0,False,normal,
3211,233,0,True,delay,149.85146211197676
3212,108,0,True,step,75.3845071838438
3213,165,0,True,drift_sigmoid,147.15736833345036
3214,279,1,True,drift_ramp,90.42971961610978
3215,197,0,True,drift_sigmoid,115.19058430867969
3216,170,0,False,normal,
3217,118,0,False,normal,
3218,134,0,False,normal,
3219,169,0,True,takeover_ramp,97.420297603735
3220,179,0,True,takeover_step,122.10788111664908
3221,239,0,False,normal,
3222,2,0,True,takeover_ramp,95.8006784666841
3223,131,0,True,drift_ramp,182.0752846677721
3224,276,0,True,takeover_step,113.5829416248078
3225,134,0,False,normal,
3226,18,0,False,normal,
3227,238,0,False,normal,
3228,224,0,True,takeover_step,93.79210260555345
3229,179,0,True,takeover_step,122.10788111664908
3230,134,0,False,normal,
3231,170,0,False,normal,
3232,118,0,False,normal,
3233,179,0,True,takeover_step,122.10788111664908
3234,136,0,False,normal,
3235,165,0,True,drift_sigmoid,147.15736833345036
3236,179,0,True,takeover_step,122.10788111664908
3237,112,1,True,takeover_ramp,123.96392069259976
3238,112,0,True,takeover_ramp,123.96392069259976
3239,179,1,True,takeover_step,122.10788111664908
3240,110,0,True,step,84.5364701054331
3241,224,1,True,takeover_step,93.79210260555345
3242,154,0,False,normal,
3243,95,0,True,step,58.56240426323088
3244,149,0,True,delay,147.69176370466812
3245,243,0,True,step,127.99537316243467
3246,136,0,False,normal,
3247,179,0,True,takeover_step,122.10788111664908
3248,238,0,False,normal,
3249,118,0,False,normal,
3250,118,0,False,normal,
3251,166,0,False,normal,
3252,136,0,False,normal,
3253,238,0,False,normal,
3254,2,0,True,takeover_ramp,95.8006784666841
3255,117,0,True,delay,62.23656649358486
3256,264,1,True,delay,123.68174203500719
3257,154,0,False,normal,
3258,77,0,True,takeover_ramp,87.63696498999546
3259,192,1,True,drift_sigmoid,79.2016227542393
3260,136,0,False,normal,
3261,123,0,True,delay,158.26730028372296
3262,243,0,True,step,127.99537316243467
3263,76,0,True,step,165.52877740850676
3264,193,0,True,takeover_ramp,40.23553773066088
3265,264,0,True,delay,123.68174203500719
3266,154,0,False,normal,
3267,18,0,False,normal,
3268,276,0,True,takeover_step,113.5829416248078
3269,150,0,False,normal,
3270,118,0,False,normal,
3271,95,0,True,step,58.56240426323088
3272,254,0,True,drift_ramp,94.50622501263359
3273,110,1,True,step,84.5364701054331
3274,224,0,True,takeover_step,93.79210260555345
3275,239,0,False,normal,
3276,18,0,False,normal,
3277,18,0,False,normal,
3278,18,0,False,normal,
3279,131,0,True,drift_ramp,182.0752846677721
3280,154,0,False,normal,
3281,239,0,False,normal,
3282,131,0,True,drift_ramp,182.0752846677721
3283,270,0,False,normal,
3284,192,1,True,drift_sigmoid,79.2016227542393
3285,214,0,False,normal,
3286,149,0,True,delay,147.69176370466812
3287,134,0,False,normal,
3288,243,0,True,step,127.99537316243467
3289,239,0,False,normal,
3290,270,0,False,normal,
3291,149,0,True,delay,147.69176370466812
3292,250,0,False,normal,
3293,118,0,False,normal,
3294,117,0,True,delay,62.23656649358486
3295,76,0,True,step,165.52877740850676
3296,150,0,False,normal,
3297,118,0,False,normal,
3298,184,0,True,drift_ramp,75.24008074312675
3299,76,0,True,step,165.52877740850676
3300,154,0,False,normal,
3301,112,0,True,takeover_ramp,123.96392069259976
3302,150,0,False,normal,
3303,276,0,True,takeover_step,113.5829416248078
3304,76,0,True,step,165.52877740850676
3305,150,0,False,normal,
3306,154,0,False,normal,
3307,214,0,False,normal,
3308,108,0,True,step,75.3845071838438
3309,150,0,False,normal,
3310,118,0,False,normal,
3311,149,0,True,delay,147.69176370466812
3312,154,0,False,normal,
3313,179,0,True,takeover_step,122.10788111664908
3314,136,0,False,normal,
3315,76,0,True,step,165.52877740850676
3316,123,0,True,delay,158.26730028372296
3317,270,0,False,normal,
3318,250,0,False,normal,
3319,193,0,True,takeover_ramp,40.23553773066088
3320,233,0,True,delay,149.85146211197676
3321,254,0,True,drift_ramp,94.50622501263359
3322,258,0,True,drift_sigmoid,128.36090134328924
3323,136,0,False,normal,
3324,2,0,True,takeover_ramp,95.8006784666841
3325,169,0,True,takeover_ramp,97.420297603735
3326,250,0,False,normal,
3327,134,0,False,normal,
3328,134,0,False,normal,
3329,77,0,True,takeover_ramp,87.63696498999546
3330,108,0,True,step,75.3845071838438
3331,184,0,True,drift_ramp,75.24008074312675
3332,18,0,False,normal,
3333,169,0,True,takeover_ramp,97.420297603735
3334,179,0,True,takeover_step,122.10788111664908
3335,258,0,True,drift_sigmoid,128.36090134328924
3336,239,0,False,normal,
3337,166,0,False,normal,
3338,264,0,True,delay,123.68174203500719
3339,179,0,True,takeover_step,122.10788111664908
3340,112,0,True,takeover_ramp,123.96392069259976
3341,77,0,True,takeover_ramp,87.63696498999546
3342,150,0,False,normal,
3343,250,0,False,normal,
3344,165,0,True,drift_sigmoid,147.15736833345036
3345,150,0,False,normal,
3346,165,0,True,drift_sigmoid,147.15736833345036
3347,279,0,True,drift_ramp,90.42971961610978
3348,169,0,True,takeover_ramp,97.420297603735
3349,169,0,True,takeover_ramp,97.420297603735
3350,170,0,False,normal,
3351,149,0,True,delay,147.69176370466812
3352,154,0,False,normal,
3353,179,0,True,takeover_step,122.10788111664908
3354,18,0,False,normal,
3355,270,0,False,normal,
3356,166,0,False,normal,
3357,77,0,True,takeover_ramp,87.63696498999546
3358,131,0,True,drift_ramp,182.0752846677721
3359,76,1,True,step,165.52877740850676
3360,243,0,True,step,127.99537316243467
3361,118,0,False,normal,
3362,154,0,False,normal,
3363,118,0,False,normal,
3364,150,0,False,normal,
3365,239,0,False,normal,
3366,117,0,True,delay,62.23656649358486
3367,243,0,True,step,127.99537316243467
3368,270,0,False,normal,
3369,170,0,False,normal,
3370,118,0,False,normal,
3371,166,0,False,normal,
3372,2,0,True,takeover_ramp,95.8006784666841
3373,165,0,True,drift_sigmoid,147.15736833345036
3374,250,0,False,normal,
3375,238,0,False,normal,
3376,150,0,False,normal,
3377,233,0,True,delay,149.85146211197676
3378,108,0,True,step,75.3845071838438
3379,118,0,False,normal,
3380,169,0,True,takeover_ramp,97.420297603735
3381,2,0,True,takeover_ramp,95.8006784666841
3382,114,1,True,drift_ramp,23.262408845252608
3383,258,0,True,drift_sigmoid,128.36090134328924
3384,123,0,True,delay,158.26730028372296
3385,136,0,False,normal,
3386,243,0,True,step,127.99537316243467
3387,166,0,False,normal,
3388,258,0,True,drift_sigmoid,128.36090134328924
3389,184,0,True,drift_ramp,75.24008074312675
3390,166,0,False,normal,
3391,77,0,True,takeover_ramp,87.63696498999546
3392,154,0,False,normal,
3393,112,0,True,takeover_ramp,123.96392069259976
3394,270,0,False,normal,
3395,112,1,True,takeover_ramp,123.96392069259976
3396,18,0,False,normal,
3397,112,0,True,takeover_ramp,123.96392069259976
3398,170,0,False,normal,
3399,169,0,True,takeover_ramp,97.420297603735
3400,110,0,True,step,84.5364701054331
3401,154,0,False,normal,
3402,179,0,True,takeover_step,122.10788111664908
3403,76,0,True,step,165.52877740850676
3404,239,0,False,normal,
3405,118,0,False,normal,
3406,214,0,False,normal,
3407,264,0,True,delay,123.68174203500719
3408,123,0,True,delay,158.26730028372296
3409,258,0,True,drift_sigmoid,128.36090134328924
3410,95,0,True,step,58.56240426323088
3411,136,0,False,normal,
3412,193,1,True,takeover_ramp,40.23553773066088
3413,110,1,True,step,84.5364701054331
3414,165,0,True,drift_sigmoid,147.15736833345036
3415,243,0,True,step,127.99537316243467
3416,276,0,True,takeover_step,113.5829416248078
3417,154,0,False,normal,
3418,136,0,False,normal,
3419,192,0,True,drift_sigmoid,79.2016227542393
3420,136,0,False,normal,
3421,108,0,True,step,75.3845071838438
3422,2,0,True,takeover_ramp,95.8006784666841
3423,270,0,False,normal,
3424,238,0,False,normal,
3425,270,0,False,normal,
3426,250,0,False,normal,
3427,150,0,False,normal,
3428,149,0,True,delay,147.69176370466812
3429,136,0,False,normal,
3430,197,0,True,drift_sigmoid,115.19058430867969
3431,224,0,True,takeover_step,93.79210260555345
3432,166,0,False,normal,
3433,243,1,True,step,127.99537316243467
3434,108,0,True,step,75.3845071838438
3435,154,0,False,normal,
3436,149,0,True,delay,147.69176370466812
3437,238,0,False,normal,
3438,254,0,True,drift_ramp,94.50622501263359
3439,169,0,True,takeover_ramp,97.420297603735
3440,118,0,False,normal,
3441,2,0,True,takeover_ramp,95.8006784666841
3442,238,0,False,normal,
3443,238,0,False,normal,
3444,224,0,True,takeover_step,93.79210260555345
3445,136,0,False,normal,
3446,166,0,False,normal,
3447,112,0,True,takeover_ramp,123.96392069259976
3448,18,0,False,normal,
3449,154,0,False,normal,
3450,276,0,True,takeover_step,113.5829416248078
3451,131,0,True,drift_ramp,182.0752846677721
3452,95,0,True,step,58.56240426323088
3453,149,0,True,delay,147.69176370466812
3454,179,0,True,takeover_step,122.10788111664908
3455,233,0,True,delay,149.85146211197676
3456,112,0,True,takeover_ramp,123.96392069259976
3457,2,0,True,takeover_ramp,95.8006784666841
3458,170,0,False,normal,
3459,18,0,False,normal,
3460,170,0,False,normal,
3461,110,0,True,step,84.5364701054331
3462,170,0,False,normal,
3463,258,0,True,drift_sigmoid,128.36090134328924
3464,77,0,True,takeover_ramp,87.63696498999546
3465,118,0,False,normal,
3466,76,0,True,step,165.52877740850676
3467,112,0,True,takeover_ramp,123.96392069259976
3468,136,0,False,normal,
3469,169,0,True,takeover_ramp,97.420297603735
3470,214,0,False,normal,
3471,239,0,False,normal,
3472,165,0,True,drift_sigmoid,147.15736833345036
3473,243,0,True,step,127.99537316243467
3474,169,0,True,takeover_ramp,97.420297603735
3475,154,0,False,normal,
3476,150,0,False,normal,
3477,238,0,False,normal,
3478,2,0,True,takeover_ramp,95.8006784666841
3479,214,0,False,normal,
3480,276,0,True,takeover_step,113.5829416248078
3481,224,0,True,takeover_step,93.79210260555345
3482,264,0,True,delay,123.68174203500719
3483,131,0,True,drift_ramp,182.0752846677721
3484,112,0,True,takeover_ramp,123.96392069259976
3485,197,0,True,drift_sigmoid,115.19058430867969
3486,154,0,False,normal,
3487,2,0,True,takeover_ramp,95.8006784666841
3488,179,0,True,takeover_step,122.10788111664908
3489,170,0,False,normal,
3490,224,0,True,takeover_step,93.79210260555345
3491,112,0,True,takeover_ramp,123.96392069259976
3492,154,0,False,normal,
3493,154,0,False,normal,
3494,224,0,True,takeover_step,93.79210260555345
3495,149,0,True,delay,147.69176370466812
3496,179,0,True,takeover_step,122.10788111664908
3497,76,0,True,step,165.52877740850676
3498,243,0,True,step,127.99537316243467
3499,154,0,False,normal,
3500,150,0,False,normal,
3501,270,0,False,normal,
3502,238,0,False,normal,
3503,192,0,True,drift_sigmoid,79.2016227542393
3504,197,0,True,drift_sigmoid,115.19058430867969
3505,149,0,True,delay,147.69176370466812
3506,131,0,True,drift_ramp,182.0752846677721
3507,112,0,True,takeover_ramp,123.96392069259976
3508,184,0,True,drift_ramp,75.24008074312675
3509,117,0,True,delay,62.23656649358486
3510,239,0,False,normal,
3511,184,0,True,drift_ramp,75.24008074312675
3512,118,0,False,normal,
3513,166,0,False,normal,
3514,162,1,True,takeover_step,14.91515823592874
3515,179,0,True,takeover_step,122.10788111664908
3516,95,1,True,step,58.56240426323088
3517,233,0,True,delay,149.85146211197676
3518,131,0,True,drift_ramp,182.0752846677721
3519,166,0,False,normal,
3520,123,0,True,delay,158.26730028372296
3521,270,0,False,normal,
3522,77,0,True,takeover_ramp,87.63696498999546
3523,254,0,True,drift_ramp,94.50622501263359
3524,150,0,False,normal,
3525,123,0,True,delay,158.26730028372296
3526,165,0,True,drift_sigmoid,147.15736833345036
3527,112,0,True,takeover_ramp,123.96392069259976
3528,179,0,True,takeover_step,122.10788111664908
3529,264,0,True,delay,123.68174203500719
3530,197,0,True,drift_sigmoid,115.19058430867969
3531,184,0,True,drift_ramp,75.24008074312675
3532,76,0,True,step,165.52877740850676
3533,279,0,True,drift_ramp,90.42971961610978
3534,212,0,True,drift_sigmoid,79.90523467535208
3535,239,0,False,normal,
3536,118,0,False,normal,
3537,18,0,False,normal,
3538,108,0,True,step,75.3845071838438
3539,214,0,False,normal,
3540,165,0,True,drift_sigmoid,147.15736833345036
3541,239,0,False,normal,
3542,165,0,True,drift_sigmoid,147.15736833345036
3543,250,0,False,normal,
3544,95,1,True,step,58.56240426323088
3545,170,0,False,normal,
3546,18,0,False,normal,
3547,166,0,False,normal,
3548,239,0,False,normal,
3549,2,0,True,takeover_ramp,95.8006784666841
3550,118,0,False,normal,
3551,149,0,True,delay,147.69176370466812
3552,276,0,True,takeover_step,113.5829416248078
3553,224,0,True,takeover_step,93.79210260555345
3554,18,0,False,normal,
3555,233,0,True,delay,149.85146211197676
3556,154,0,False,normal,
3557,95,0,True,step,58.56240426323088
3558,18,0,False,normal,
3559,76,0,True,step,165.52877740850676
3560,165,0,True,drift_sigmoid,147.15736833345036
3561,243,0,True,step,127.99537316243467
3562,150,0,False,normal,
3563,149,0,True,delay,147.69176370466812
3564,238,0,False,normal,
3565,258,0,True,drift_sigmoid,128.36090134328924
3566,254,0,True,drift_ramp,94.50622501263359
3567,2,0,True,takeover_ramp,95.8006784666841
3568,250,0,False,normal,
3569,18,0,False,normal,
3570,149,0,True,delay,147.69176370466812
3571,270,0,False,normal,
3572,18,0,False,normal,
3573,18,0,False,normal,
3574,131,0,True,drift_ramp,182.0752846677721
3575,2,0,True,takeover_ramp,95.8006784666841
3576,258,0,True,drift_sigmoid,128.36090134328924
3577,224,0,True,takeover_step,93.79210260555345
3578,76,0,True,step,165.52877740850676
3579,169,0,True,takeover_ramp,97.420297603735
3580,77,0,True,takeover_ramp,87.63696498999546
3581,254,1,True,drift_ramp,94.50622501263359
3582,250,0,False,normal,
3583,254,0,True,drift_ramp,94.50622501263359
3584,238,0,False,normal,
3585,165,0,True,drift_sigmoid,147.15736833345036
3586,238,0,False,normal,
3587,239,0,False,normal,
3588,233,0,True,delay,149.85146211197676
3589,192,0,True,drift_sigmoid,79.2016227542393
3590,117,0,True,delay,62.23656649358486
3591,123,0,True,delay,158.26730028372296
3592,131,0,True,drift_ramp,182.0752846677721
3593,136,0,False,normal,
3594,214,0,False,normal,
3595,170,0,False,normal,
3596,258,0,True,drift_sigmoid,128.36090134328924
3597,110,0,True,step,84.5364701054331
3598,239,0,False,normal,
3599,77,0,True,takeover_ramp,87.63696498999546
3600,131,0,True,drift_ramp,182.0752846677721
3601,258,0,True,drift_sigmoid,128.36090134328924
3602,118,0,False,normal,
3603,250,0,False,normal,
3604,162,1,True,takeover_step,14.91515823592874
3605,258,0,True,drift_sigmoid,128.36090134328924
3606,149,0,True,delay,147.69176370466812
3607,170,0,False,normal,
3608,212,0,True,drift_sigmoid,79.90523467535208
3609,118,0,False,normal,
3610,238,0,False,normal,
3611,212,0,True,drift_sigmoid,79.90523467535208
3612,254,0,True,drift_ramp,94.50622501263359
3613,110,0,True,step,84.5364701054331
3614,270,0,False,normal,
3615,166,0,False,normal,
3616,169,0,True,takeover_ramp,97.420297603735
3617,118,0,False,normal,
3618,192,0,True,drift_sigmoid,79.2016227542393
3619,123,0,True,delay,158.26730028372296
3620,149,0,True,delay,147.69176370466812
3621,270,0,False,normal,
3622,118,0,False,normal,
3623,169,0,True,takeover_ramp,97.420297603735
3624,179,0,True,takeover_step,122.10788111664908
3625,184,0,True,drift_ramp,75.24008074312675
3626,18,0,False,normal,
3627,193,0,True,takeover_ramp,40.23553773066088
3628,150,0,False,normal,
3629,254,0,True,drift_ramp,94.50622501263359
3630,243,0,True,step,127.99537316243467
3631,192,0,True,drift_sigmoid,79.2016227542393
3632,154,0,False,normal,
3633,149,0,True,delay,147.69176370466812
3634,18,0,False,normal,
3635,117,0,True,delay,62.23656649358486
3636,134,0,False,normal,
3637,77,0,True,takeover_ramp,87.63696498999546
3638,233,0,True,delay,149.85146211197676
3639,123,0,True,delay,158.26730028372296
3640,270,0,False,normal,
3641,76,0,True,step,165.52877740850676
3642,264,0,True,delay,123.68174203500719
3643,214,0,False,normal,
3644,18,0,False,normal,
3645,270,0,False,normal,
3646,264,0,True,delay,123.68174203500719
3647,233,0,True,delay,149.85146211197676
3648,110,0,True,step,84.5364701054331
3649,270,0,False,normal,
3650,239,0,False,normal,
3651,18,0,False,normal,
3652,118,0,False,normal,
3653,276,0,True,takeover_step,113.5829416248078
3654,165,0,True,drift_sigmoid,147.15736833345036
3655,149,0,True,delay,147.69176370466812
3656,118,0,False,normal,
3657,270,0,False,normal,
3658,108,0,True,step,75.3845071838438
3659,197,0,True,drift_sigmoid,115.19058430867969
3660,179,0,True,takeover_step,122.10788111664908
3661,250,0,False,normal,
3662,258,0,True,drift_sigmoid,128.36090134328924
3663,166,0,False,normal,
3664,169,0,True,takeover_ramp,97.420297603735
3665,136,0,False,normal,
3666,239,0,False,normal,
3667,18,0,False,normal,
3668,77,0,True,takeover_ramp,87.63696498999546
3669,239,0,False,normal,
3670,2,0,True,takeover_ramp,95.8006784666841
3671,197,0,True,drift_sigmoid,115.19058430867969
3672,154,0,False,normal,
3673,76,0,True,step,165.52877740850676
3674,214,0,False,normal,
3675,192,0,True,drift_sigmoid,79.2016227542393
3676,197,0,True,drift_sigmoid,115.19058430867969
3677,239,0,False,normal,
3678,170,0,False,normal,
3679,2,0,True,takeover_ramp,95.8006784666841
3680,110,0,True,step,84.5364701054331
3681,238,0,False,normal,
3682,77,0,True,takeover_ramp,87.63696498999546
3683,118,0,False,normal,
3684,239,0,False,normal,
3685,193,0,True,takeover_ramp,40.23553773066088
3686,239,0,False,normal,
3687,243,0,True,step,127.99537316243467
3688,239,0,False,normal,
3689,250,0,False,normal,
3690,108,0,True,step,75.3845071838438
3691,118,0,False,normal,
3692,131,0,True,drift_ramp,182.0752846677721
3693,76,0,True,step,165.52877740850676
3694,136,0,False,normal,
3695,270,0,False,normal,
3696,179,0,True,takeover_step,122.10788111664908
3697,165,0,True,drift_sigmoid,147.15736833345036
3698,134,0,False,normal,
3699,18,0,False,normal,
3700,123,0,True,delay,158.26730028372296
3701,150,0,False,normal,
3702,243,0,True,step,127.99537316243467
3703,166,0,False,normal,
3704,166,0,False,normal,
3705,276,0,True,takeover_step,113.5829416248078
3706,18,0,False,normal,
3707,150,0,False,normal,
3708,18,0,False,normal,
3709,118,0,False,normal,
3710,212,0,True,drift_sigmoid,79.90523467535208
3711,165,0,True,drift_sigmoid,147.15736833345036
3712,254,0,True,drift_ramp,94.50622501263359
3713,112,0,True,takeover_ramp,123.96392069259976
3714,197,0,True,drift_sigmoid,115.19058430867969
3715,214,0,False,normal,
3716,170,0,False,normal,
3717,149,0,True,delay,147.69176370466812
3718,131,0,True,drift_ramp,182.0752846677721
3719,131,0,True,drift_ramp,182.0752846677721
3720,169,0,True,takeover_ramp,97.420297603735
3721,170,0,False,normal,
3722,233,0,True,delay,149.85146211197676
3723,233,0,True,delay,149.85146211197676
3724,170,0,False,normal,
3725,179,0,True,takeover_step,122.10788111664908
3726,149,0,True,delay,147.69176370466812
3727,18,0,False,normal,
3728,118,0,False,normal,
3729,270,0,False,normal,
3730,258,0,True,drift_sigmoid,128.36090134328924
3731,214,0,False,normal,
3732,179,0,True,takeover_step,122.10788111664908
3733,18,0,False,normal,
3734,149,0,True,delay,147.69176370466812
3735,77,0,True,takeover_ramp,87.63696498999546
3736,136,0,False,normal,
3737,250,0,False,normal,
3738,149,0,True,delay,147.69176370466812
3739,243,0,True,step,127.99537316243467
3740,131,0,True,drift_ramp,182.0752846677721
3741,123,0,True,delay,158.26730028372296
3742,154,0,False,normal,
3743,166,0,False,normal,
3744,270,0,False,normal,
3745,233,0,True,delay,149.85146211197676
3746,154,0,False,normal,
3747,166,0,False,normal,
3748,239,0,False,normal,
3749,214,0,False,normal,
3750,110,1,True,step,84.5364701054331
3751,114,1,True,drift_ramp,23.262408845252608
3752,18,0,False,normal,
3753,250,0,False,normal,
3754,233,0,True,delay,149.85146211197676
3755,166,0,False,normal,
3756,212,0,True,drift_sigmoid,79.90523467535208
3757,239,0,False,normal,
3758,112,0,True,takeover_ramp,123.96392069259976
3759,2,0,True,takeover_ramp,95.8006784666841
3760,118,0,False,normal,
3761,166,0,False,normal,
3762,239,0,False,normal,
3763,165,0,True,drift_sigmoid,147.15736833345036
3764,276,0,True,takeover_step,113.5829416248078
3765,131,1,True,drift_ramp,182.0752846677721
3766,214,0,False,normal,
3767,118,0,False,normal,
3768,165,0,True,drift_sigmoid,147.15736833345036
3769,193,0,True,takeover_ramp,40.23553773066088
3770,112,0,True,takeover_ramp,123.96392069259976
3771,95,0,True,step,58.56240426323088
3772,149,0,True,delay,147.69176370466812
3773,123,0,True,delay,158.26730028372296
3774,114,0,True,drift_ramp,23.262408845252608
3775,149,0,True,delay,147.69176370466812
3776,134,0,False,normal,
3777,118,0,False,normal,
3778,136,0,False,normal,
3779,165,0,True,drift_sigmoid,147.15736833345036
3780,270,0,False,normal,
3781,270,0,False,normal,
3782,170,0,False,normal,
3783,276,0,True,takeover_step,113.5829416248078
3784,131,0,True,drift_ramp,182.0752846677721
3785,118,0,False,normal,
3786,150,0,False,normal,
3787,238,0,False,normal,
3788,131,0,True,drift_ramp,182.0752846677721
3789,108,0,True,step,75.3845071838438
3790,233,0,True,delay,149.85146211197676
3791,170,0,False,normal,
3792,270,0,False,normal,
3793,192,0,True,drift_sigmoid,79.2016227542393
3794,179,0,True,takeover_step,122.10788111664908
3795,233,0,True,delay,149.85146211197676
3796,197,0,True,drift_sigmoid,115.19058430867969
3797,166,0,False,normal,
3798,239,0,False,normal,
3799,131,0,True,drift_ramp,182.0752846677721
3800,76,0,True,step,165.52877740850676
3801,214,0,False,normal,
3802,112,0,True,takeover_ramp,123.96392069259976
3803,118,0,False,normal,
3804,239,0,False,normal,
3805,270,0,False,normal,
3806,18,0,False,normal,
3807,264,0,True,delay,123.68174203500719
3808,243,0,True,step,127.99537316243467
3809,243,0,True,step,127.99537316243467
3810,118,0,False,normal,
3811,214,0,False,normal,
3812,118,0,False,normal,
3813,76,0,True,step,165.52877740850676
3814,2,0,True,takeover_ramp,95.8006784666841
3815,154,0,False,normal,
3816,18,0,False,normal,
3817,270,0,False,normal,
3818,258,0,True,drift_sigmoid,128.36090134328924
3819,239,0,False,normal,
3820,233,0,True,delay,149.85146211197676
3821,254,0,True,drift_ramp,94.50622501263359
3822,150,0,False,normal,
3823,179,0,True,takeover_step,122.10788111664908
3824,165,0,True,drift_sigmoid,147.15736833345036
3825,154,0,False,normal,
3826,117,0,True,delay,62.23656649358486
3827,233,0,True,delay,149.85146211197676
3828,131,0,True,drift_ramp,182.0752846677721
3829,154,0,False,normal,
3830,258,0,True,drift_sigmoid,128.36090134328924
3831,18,0,False,normal,
3832,162,0,True,takeover_step,14.91515823592874
3833,258,0,True,drift_sigmoid,128.36090134328924
3834,136,0,False,normal,
3835,233,0,True,delay,149.85146211197676
3836,238,0,False,normal,
3837,250,0,False,normal,
3838,165,0,True,drift_sigmoid,147.15736833345036
3839,166,0,False,normal,
3840,149,0,True,delay,147.69176370466812
3841,112,0,True,takeover_ramp,123.96392069259976
3842,250,0,False,normal,
3843,150,0,False,normal,
3844,112,0,True,takeover_ramp,123.96392069259976
3845,18,0,False,normal,
3846,238,0,False,normal,
3847,170,0,False,normal,
3848,276,0,True,takeover_step,113.5829416248078
3849,110,0,True,step,84.5364701054331
3850,123,0,True,delay,158.26730028372296
3851,169,0,True,takeover_ramp,97.420297603735
3852,243,0,True,step,127.99537316243467
3853,264,0,True,delay,123.68174203500719
3854,239,0,False,normal,
3855,214,0,False,normal,
3856,76,0,True,step,165.52877740850676
3857,179,0,True,takeover_step,122.10788111664908
3858,250,0,False,normal,
3859,123,0,True,delay,158.26730028372296
3860,76,0,True,step,165.52877740850676
3861,150,0,False,normal,
3862,169,0,True,takeover_ramp,97.420297603735
3863,212,1,True,drift_sigmoid,79.90523467535208
3864,270,0,False,normal,
3865,131,0,True,drift_ramp,182.0752846677721
3866,276,0,True,takeover_step,113.5829416248078
3867,77,0,True,takeover_ramp,87.63696498999546
3868,279,0,True,drift_ramp,90.42971961610978
3869,279,0,True,drift_ramp,90.42971961610978
3870,136,0,False,normal,
3871,154,0,False,normal,
3872,238,0,False,normal,
3873,250,0,False,normal,
3874,136,0,False,normal,
3875,279,0,True,drift_ramp,90.42971961610978
3876,2,1,True,takeover_ramp,95.8006784666841
3877,239,0,False,normal,
3878,270,0,False,normal,
3879,258,0,True,drift_sigmoid,128.36090134328924
3880,76,0,True,step,165.52877740850676
3881,149,0,True,delay,147.69176370466812
3882,131,0,True,drift_ramp,182.0752846677721
3883,150,0,False,normal,
3884,18,0,False,normal,
3885,276,0,True,takeover_step,113.5829416248078
3886,108,0,True,step,75.3845071838438
3887,154,0,False,normal,
3888,212,0,True,drift_sigmoid,79.90523467535208
3889,250,0,False,normal,
3890,258,0,True,drift_sigmoid,128.36090134328924
3891,276,0,True,takeover_step,113.5829416248078
3892,134,0,False,normal,
3893,169,0,True,takeover_ramp,97.420297603735
3894,134,0,False,normal,
3895,214,0,False,normal,
3896,166,0,False,normal,
3897,118,0,False,normal,
3898,233,0,True,delay,149.85146211197676
3899,239,0,False,normal,
3900,279,0,True,drift_ramp,90.42971961610978
3901,192,0,True,drift_sigmoid,79.2016227542393
3902,165,1,True,drift_sigmoid,147.15736833345036
3903,243,0,True,step,127.99537316243467
3904,154,0,False,normal,
3905,264,0,True,delay,123.68174203500719
3906,276,0,True,takeover_step,113.5829416248078
3907,184,0,True,drift_ramp,75.24008074312675
3908,212,0,True,drift_sigmoid,79.90523467535208
3909,270,0,False,normal,
3910,170,0,False,normal,
3911,18,0,False,normal,
3912,192,0,True,drift_sigmoid,79.2016227542393
3913,134,0,False,normal,
3914,214,0,False,normal,
3915,179,0,True,takeover_step,122.10788111664908
3916,192,1,True,drift_sigmoid,79.2016227542393
3917,212,0,True,drift_sigmoid,79.90523467535208
3918,76,0,True,step,165.52877740850676
3919,224,0,True,takeover_step,93.79210260555345
3920,258,0,True,drift_sigmoid,128.36090134328924
3921,123,0,True,delay,158.26730028372296
3922,154,0,False,normal,
3923,114,1,True,drift_ramp,23.262408845252608
3924,239,0,False,normal,
3925,233,0,True,delay,149.85146211197676
3926,150,0,False,normal,
3927,95,1,True,step,58.56240426323088
3928,192,0,True,drift_sigmoid,79.2016227542393
3929,264,0,True,delay,123.68174203500719
3930,150,0,False,normal,
3931,169,0,True,takeover_ramp,97.420297603735
3932,154,0,False,normal,
3933,276,0,True,takeover_step,113.5829416248078
3934,131,0,True,drift_ramp,182.0752846677721
3935,212,0,True,drift_sigmoid,79.90523467535208
3936,197,0,True,drift_sigmoid,115.19058430867969
3937,197,0,True,drift_sigmoid,115.19058430867969
3938,270,0,False,normal,
3939,134,0,False,normal,
3940,76,0,True,step,165.52877740850676
3941,258,0,True,drift_sigmoid,128.36090134328924
3942,76,0,True,step,165.52877740850676
3943,243,0,True,step,127.99537316243467
3944,214,0,False,normal,
3945,166,0,False,normal,
3946,18,0,False,normal,
3947,18,0,False,normal,
3948,192,1,True,drift_sigmoid,79.2016227542393
3949,279,0,True,drift_ramp,90.42971961610978
3950,214,0,False,normal,
3951,18,0,False,normal,
3952,134,0,False,normal,
3953,162,1,True,takeover_step,14.91515823592874
3954,243,0,True,step,127.99537316243467
3955,192,0,True,drift_sigmoid,79.2016227542393
3956,149,0,True,delay,147.69176370466812
3957,264,0,True,delay,123.68174203500719
3958,270,0,False,normal,
3959,238,0,False,normal,
3960,270,0,False,normal,
3961,224,0,True,takeover_step,93.79210260555345
3962,136,0,False,normal,
3963,165,0,True,drift_sigmoid,147.15736833345036
3964,224,0,True,takeover_step,93.79210260555345
3965,258,0,True,drift_sigmoid,128.36090134328924
3966,131,0,True,drift_ramp,182.0752846677721
3967,276,0,True,takeover_step,113.5829416248078
3968,270,0,False,normal,
3969,165,0,True,drift_sigmoid,147.15736833345036
3970,76,0,True,step,165.52877740850676
3971,233,0,True,delay,149.85146211197676
3972,118,0,False,normal,
3973,239,0,False,normal,
3974,134,0,False,normal,
3975,233,0,True,delay,149.85146211197676
3976,170,0,False,normal,
3977,123,0,True,delay,158.26730028372296
3978,258,0,True,drift_sigmoid,128.36090134328924
3979,270,0,False,normal,
3980,76,0,True,step,165.52877740850676
3981,166,0,False,normal,
3982,250,0,False,normal,
3983,258,0,True,drift_sigmoid,128.36090134328924
3984,239,0,False,normal,
3985,162,1,True,takeover_step,14.91515823592874
3986,169,0,True,takeover_ramp,97.420297603735
3987,131,0,True,drift_ramp,182.0752846677721
3988,123,0,True,delay,158.26730028372296
3989,250,0,False,normal,
3990,112,0,True,takeover_ramp,123.96392069259976
3991,169,0,True,takeover_ramp,97.420297603735
3992,131,0,True,drift_ramp,182.0752846677721
3993,233,0,True,delay,149.85146211197676
3994,193,0,True,takeover_ramp,40.23553773066088
3995,154,0,False,normal,
3996,179,0,True,takeover_step,122.10788111664908
3997,95,0,True,step,58.56240426323088
3998,123,0,True,delay,158.26730028372296
3999,76,0,True,step,165.52877740850676
4000,239,0,False,normal,
4001,154,0,False,normal,
4002,264,0,True,delay,123.68174203500719
4003,238,0,False,normal,
4004,154,0,False,normal,
4005,250,0,False,normal,
4006,123,0,True,delay,158.26730028372296
4007,112,0,True,takeover_ramp,123.96392069259976
4008,134,0,False,normal,
4009,254,0,True,drift_ramp,94.50622501263359
4010,239,0,False,normal,
4011,76,0,True,step,165.52877740850676
4012,131,0,True,drift_ramp,182.0752846677721
4013,154,0,False,normal,
4014,149,0,True,delay,147.69176370466812
4015,239,0,False,normal,
4016,131,0,True,drift_ramp,182.0752846677721
4017,250,0,False,normal,
4018,136,0,False,normal,
4019,149,0,True,delay,147.69176370466812
4020,238,0,False,normal,
4021,149,0,True,delay,147.69176370466812
4022,134,0,False,normal,
4023,184,0,True,drift_ramp,75.24008074312675
4024,224,0,True,takeover_step,93.79210260555345
4025,136,0,False,normal,
4026,233,0,True,delay,149.85146211197676
4027,149,0,True,delay,147.69176370466812
4028,131,0,True,drift_ramp,182.0752846677721
4029,270,0,False,normal,
4030,162,0,True,takeover_step,14.91515823592874
4031,221,0,True,takeover_step,10.536360647437668
4032,239,0,False,normal,
4033,239,0,False,normal,
4034,169,0,True,takeover_ramp,97.420297603735
4035,77,0,True,takeover_ramp,87.63696498999546
4036,233,0,True,delay,149.85146211197676
4037,77,0,True,takeover_ramp,87.63696498999546
4038,169,0,True,takeover_ramp,97.420297603735
4039,258,0,True,drift_sigmoid,128.36090134328924
4040,212,0,True,drift_sigmoid,79.90523467535208
4041,270,0,False,normal,
4042,170,0,False,normal,
4043,154,0,False,normal,
4044,224,0,True,takeover_step,93.79210260555345
4045,112,0,True,takeover_ramp,123.96392069259976
4046,76,0,True,step,165.52877740850676
4047,254,0,True,drift_ramp,94.50622501263359
4048,193,0,True,takeover_ramp,40.23553773066088
4049,18,0,False,normal,
4050,154,0,False,normal,
4051,264,0,True,delay,123.68174203500719
4052,197,0,True,drift_sigmoid,115.19058430867969
4053,243,1,True,step,127.99537316243467
4054,239,0,False,normal,
4055,170,0,False,normal,
4056,214,0,False,normal,
4057,136,0,False,normal,
4058,118,0,False,normal,
4059,149,0,True,delay,147.69176370466812
4060,114,0,True,drift_ramp,23.262408845252608
4061,264,0,True,delay,123.68174203500719
4062,131,0,True,drift_ramp,182.0752846677721
4063,197,0,True,drift_sigmoid,115.19058430867969
4064,214,0,False,normal,
4065,214,0,False,normal,
4066,112,0,True,takeover_ramp,123.96392069259976
4067,239,0,False,normal,
4068,136,0,False,normal,
4069,76,0,True,step,165.52877740850676
4070,18,0,False,normal,
4071,221,0,True,takeover_step,10.536360647437668
4072,165,0,True,drift_sigmoid,147.15736833345036
4073,150,0,False,normal,
4074,150,0,False,normal,
4075,112,0,True,takeover_ramp,123.96392069259976
4076,123,0,True,delay,158.26730028372296
4077,149,0,True,delay,147.69176370466812
4078,264,0,True,delay,123.68174203500719
4079,264,0,True,delay,123.68174203500719
4080,233,0,True,delay,149.85146211197676
4081,136,0,False,normal,
4082,243,0,True,step,127.99537316243467
4083,165,1,True,drift_sigmoid,147.15736833345036
4084,149,0,True,delay,147.69176370466812
4085,238,0,False,normal,
4086,2,0,True,takeover_ramp,95.8006784666841
4087,110,0,True,step,84.5364701054331
4088,149,0,True,delay,147.69176370466812
4089,239,0,False,normal,
4090,136,0,False,normal,
4091,108,0,True,step,75.3845071838438
4092,150,0,False,normal,
4093,162,0,True,takeover_step,14.91515823592874
4094,123,0,True,delay,158.26730028372296
4095,214,0,False,normal,
4096,238,0,False,normal,
4097,179,0,True,takeover_step,122.10788111664908
4098,276,0,True,takeover_step,113.5829416248078
4099,18,0,False,normal,
4100,243,0,True,step,127.99537316243467
4101,170,0,False,normal,
4102,76,0,True,step,165.52877740850676
4103,169,0,True,takeover_ramp,97.420297603735
4104,224,0,True,takeover_step,93.79210260555345
4105,254,0,True,drift_ramp,94.50622501263359
4106,254,0,True,drift_ramp,94.50622501263359
4107,18,0,False,normal,
4108,184,0,True,drift_ramp,75.24008074312675
4109,238,0,False,normal,
4110,192,0,True,drift_sigmoid,79.2016227542393
4111,250,0,False,normal,
4112,149,0,True,delay,147.69176370466812
4113,166,0,False,normal,
4114,131,0,True,drift_ramp,182.0752846677721
4115,154,0,False,normal,
4116,184,0,True,drift_ramp,75.24008074312675
4117,123,0,True,delay,158.26730028372296
4118,243,0,True,step,127.99537316243467
4119,214,0,False,normal,
4120,112,0,True,takeover_ramp,123.96392069259976
4121,239,0,False,normal,
4122,136,0,False,normal,
4123,117,0,True,delay,62.23656649358486
4124,221,1,True,takeover_step,10.536360647437668
4125,170,0,False,normal,
4126,136,0,False,normal,
4127,197,0,True,drift_sigmoid,115.19058430867969
4128,276,0,True,takeover_step,113.5829416248078
4129,149,0,True,delay,147.69176370466812
4130,118,0,False,normal,
4131,250,0,False,normal,
4132,134,0,False,normal,
4133,165,0,True,drift_sigmoid,147.15736833345036
4134,166,0,False,normal,
4135,192,0,True,drift_sigmoid,79.2016227542393
4136,108,0,True,step,75.3845071838438
4137,169,0,True,takeover_ramp,97.420297603735
4138,258,0,True,drift_sigmoid,128.36090134328924
4139,179,0,True,takeover_step,122.10788111664908
4140,166,0,False,normal,
4141,118,0,False,normal,
4142,212,0,True,drift_sigmoid,79.90523467535208
4143,254,0,True,drift_ramp,94.50622501263359
4144,238,0,False,normal,
4145,149,0,True,delay,147.69176370466812
4146,276,0,True,takeover_step,113.5829416248078
4147,165,0,True,drift_sigmoid,147.15736833345036
4148,149,0,True,delay,147.69176370466812
4149,123,0,True,delay,158.26730028372296
4150,136,0,False,normal,
4151,212,0,True,drift_sigmoid,79.90523467535208
4152,136,0,False,normal,
4153,258,0,True,drift_sigmoid,128.36090134328924
4154,123,0,True,delay,158.26730028372296
4155,224,0,True,takeover_step,93.79210260555345
4156,224,1,True,takeover_step,93.79210260555345
4157,170,0,False,normal,
4158,250,0,False,normal,
4159,166,0,False,normal,
4160,184,1,True,drift_ramp,75.24008074312675
4161,214,0,False,normal,
4162,123,0,True,delay,158.26730028372296
4163,239,0,False,normal,
4164,77,0,True,takeover_ramp,87.63696498999546
4165,239,0,False,normal,
4166,239,0,False,normal,
4167,279,0,True,drift_ramp,90.42971961610978
4168,95,0,True,step,58.56240426323088
4169,18,0,False,normal,
4170,254,0,True,drift_ramp,94.50622501263359
4171,214,0,False,normal,
4172,2,0,True,takeover_ramp,95.8006784666841
4173,239,0,False,normal,
4174,149,0,True,delay,147.69176370466812
4175,166,0,False,normal,
4176,238,0,False,normal,
4177,150,0,False,normal,
4178,136,0,False,normal,
4179,166,0,False,normal,
4180,197,0,True,drift_sigmoid,115.19058430867969
4181,110,0,True,step,84.5364701054331
4182,239,0,False,normal,
4183,134,0,False,normal,
4184,134,0,False,normal,
4185,258,0,True,drift_sigmoid,128.36090134328924
4186,131,0,True,drift_ramp,182.0752846677721
4187,212,0,True,drift_sigmoid,79.90523467535208
4188,154,0,False,normal,
4189,239,0,False,normal,
4190,165,0,True,drift_sigmoid,147.15736833345036
4191,276,0,True,takeover_step,113.5829416248078
4192,18,0,False,normal,
4193,136,0,False,normal,
4194,118,0,False,normal,
4195,238,0,False,normal,
4196,134,0,False,normal,
4197,239,0,False,normal,
4198,233,0,True,delay,149.85146211197676
4199,149,0,True,delay,147.69176370466812
4200,149,0,True,delay,147.69176370466812
4201,212,0,True,drift_sigmoid,79.90523467535208
4202,212,0,True,drift_sigmoid,79.90523467535208
4203,250,0,False,normal,
4204,165,0,True,drift_sigmoid,147.15736833345036
4205,258,0,True,drift_sigmoid,128.36090134328924
4206,197,0,True,drift_sigmoid,115.19058430867969
4207,250,0,False,normal,
4208,214,0,False,normal,
4209,250,0,False,normal,
4210,250,0,False,normal,
4211,136,0,False,normal,
4212,224,0,True,takeover_step,93.79210260555345
4213,108,0,True,step,75.3845071838438
4214,239,0,False,normal,
4215,149,0,True,delay,147.69176370466812
4216,250,0,False,normal,
4217,110,0,True,step,84.5364701054331
4218,149,0,True,delay,147.69176370466812
4219,154,0,False,normal,
4220,166,0,False,normal,
4221,131,0,True,drift_ramp,182.0752846677721
4222,214,0,False,normal,
4223,150,0,False,normal,
4224,169,0,True,takeover_ramp,97.420297603735
4225,170,0,False,normal,
4226,131,0,True,drift_ramp,182.0752846677721
4227,136,0,False,normal,
4228,270,0,False,normal,
4229,238,0,False,normal,
4230,214,0,False,normal,
4231,184,0,True,drift_ramp,75.24008074312675
4232,18,0,False,normal,
4233,108,0,True,step,75.3845071838438
4234,197,0,True,drift_sigmoid,115.19058430867969
4235,250,0,False,normal,
4236,131,0,True,drift_ramp,182.0752846677721
4237,239,0,False,normal,
4238,18,0,False,normal,
4239,238,0,False,normal,
4240,166,0,False,normal,
4241,239,0,False,normal,
4242,192,0,True,drift_sigmoid,79.2016227542393
4243,154,0,False,normal,
4244,214,0,False,normal,
4245,197,0,True,drift_sigmoid,115.19058430867969
4246,270,0,False,normal,
4247,150,0,False,normal,
4248,117,0,True,delay,62.23656649358486
4249,165,0,True,drift_sigmoid,147.15736833345036
4250,270,0,False,normal,
4251,279,0,True,drift_ramp,90.42971961610978
4252,238,0,False,normal,
4253,76,0,True,step,165.52877740850676
4254,224,0,True,takeover_step,93.79210260555345
4255,118,0,False,normal,
4256,118,0,False,normal,
4257,239,0,False,normal,
4258,170,0,False,normal,
4259,134,0,False,normal,
4260,18,0,False,normal,
4261,134,0,False,normal,
4262,149,0,True,delay,147.69176370466812
4263,279,0,True,drift_ramp,90.42971961610978
4264,166,0,False,normal,
4265,214,0,False,normal,
4266,108,0,True,step,75.3845071838438
4267,18,0,False,normal,
4268,123,0,True,delay,158.26730028372296
4269,258,0,True,drift_sigmoid,128.36090134328924
4270,239,0,False,normal,
4271,224,0,True,takeover_step,93.79210260555345
4272,18,0,False,normal,
4273,154,0,False,normal,
4274,117,0,True,delay,62.23656649358486
4275,114,1,True,drift_ramp,23.262408845252608
4276,149,0,True,delay,147.69176370466812
4277,239,0,False,normal,
4278,214,0,False,normal,
4279,254,0,True,drift_ramp,94.50622501263359
4280,239,0,False,normal,
4281,123,0,True,delay,158.26730028372296
4282,123,0,True,delay,158.26730028372296
4283,112,0,True,takeover_ramp,123.96392069259976
4284,239,0,False,normal,
4285,112,0,True,takeover_ramp,123.96392069259976
4286,238,0,False,normal,
4287,197,0,True,drift_sigmoid,115.19058430867969
4288,166,0,False,normal,
4289,243,0,True,step,127.99537316243467
4290,250,0,False,normal,
4291,224,0,True,takeover_step,93.79210260555345
4292,197,0,True,drift_sigmoid,115.19058430867969
4293,95,0,True,step,58.56240426323088
4294,170,0,False,normal,
4295,149,0,True,delay,147.69176370466812
4296,110,0,True,step,84.5364701054331
4297,276,0,True,takeover_step,113.5829416248078
4298,134,0,False,normal,
4299,169,0,True,takeover_ramp,97.420297603735
4300,270,0,False,normal,
4301,118,0,False,normal,
4302,123,0,True,delay,158.26730028372296
4303,214,0,False,normal,
4304,166,0,False,normal,
4305,165,1,True,drift_sigmoid,147.15736833345036
4306,250,0,False,normal,
4307,136,0,False,normal,
4308,150,0,False,normal,
4309,118,0,False,normal,
4310,154,0,False,normal,
4311,136,0,False,normal,
4312,166,0,False,normal,
4313,134,0,False,normal,
4314,212,0,True,drift_sigmoid,79.90523467535208
4315,165,0,True,drift_sigmoid,147.15736833345036
4316,270,0,False,normal,
4317,95,0,True,step,58.56240426323088
4318,118,0,False,normal,
4319,123,0,True,delay,158.26730028372296
4320,2,0,True,takeover_ramp,95.8006784666841
4321,112,0,True,takeover_ramp,123.96392069259976
4322,150,0,False,normal,
4323,154,0,False,normal,
4324,276,0,True,takeover_step,113.5829416248078
4325,169,0,True,takeover_ramp,97.420297603735
4326,270,0,False,normal,
4327,166,0,False,normal,
4328,112,0,True,takeover_ramp,123.96392069259976
4329,238,0,False,normal,
4330,150,0,False,normal,
4331,154,0,False,normal,
4332,192,0,True,drift_sigmoid,79.2016227542393
4333,150,0,False,normal,
4334,193,0,True,takeover_ramp,40.23553773066088
4335,77,0,True,takeover_ramp,87.63696498999546
4336,76,0,True,step,165.52877740850676
4337,238,0,False,normal,
4338,134,0,False,normal,
4339,110,1,True,step,84.5364701054331
4340,264,0,True,delay,123.68174203500719
4341,169,0,True,takeover_ramp,97.420297603735
4342,112,0,True,takeover_ramp,123.96392069259976
4343,264,0,True,delay,123.68174203500719
4344,123,0,True,delay,158.26730028372296
4345,118,0,False,normal,
4346,239,0,False,normal,
4347,76,0,True,step,165.52877740850676
4348,123,0,True,delay,158.26730028372296
4349,154,0,False,normal,
4350,193,1,True,takeover_ramp,40.23553773066088
4351,258,0,True,drift_sigmoid,128.36090134328924
4352,179,0,True,takeover_step,122.10788111664908
4353,76,0,True,step,165.52877740850676
4354,165,0,True,drift_sigmoid,147.15736833345036
4355,233,0,True,delay,149.85146211197676
4356,238,0,False,normal,
4357,136,0,False,normal,
4358,134,0,False,normal,
4359,112,0,True,takeover_ramp,123.96392069259976
4360,193,0,True,takeover_ramp,40.23553773066088
4361,2,1,True,takeover_ramp,95.8006784666841
4362,165,0,True,drift_sigmoid,147.15736833345036
4363,136,0,False,normal,
4364,258,0,True,drift_sigmoid,128.36090134328924
4365,279,0,True,drift_ramp,90.42971961610978
4366,76,0,True,step,165.52877740850676
4367,118,0,False,normal,
4368,77,0,True,takeover_ramp,87.63696498999546
4369,165,0,True,drift_sigmoid,147.15736833345036
4370,239,0,False,normal,
4371,270,0,False,normal,
4372,165,0,True,drift_sigmoid,147.15736833345036
4373,238,0,False,normal,
4374,254,0,True,drift_ramp,94.50622501263359
4375,197,0,True,drift_sigmoid,115.19058430867969
4376,192,0,True,drift_sigmoid,79.2016227542393
4377,276,0,True,takeover_step,113.5829416248078
4378,18,0,False,normal,
4379,258,0,True,drift_sigmoid,128.36090134328924
4380,149,0,True,delay,147.69176370466812
4381,212,0,True,drift_sigmoid,79.90523467535208
4382,276,0,True,takeover_step,113.5829416248078
4383,110,0,True,step,84.5364701054331
4384,238,0,False,normal,
4385,149,0,True,delay,147.69176370466812
4386,212,0,True,drift_sigmoid,79.90523467535208
4387,254,0,True,drift_ramp,94.50622501263359
4388,233,0,True,delay,149.85146211197676
4389,18,0,False,normal,
4390,197,0,True,drift_sigmoid,115.19058430867969
4391,123,0,True,delay,158.26730028372296
4392,254,0,True,drift_ramp,94.50622501263359
4393,170,0,False,normal,
4394,118,0,False,normal,
4395,150,0,False,normal,
4396,2,0,True,takeover_ramp,95.8006784666841
4397,123,0,True,delay,158.26730028372296
4398,166,0,False,normal,
4399,197,0,True,drift_sigmoid,115.19058430867969
4400,179,0,True,takeover_step,122.10788111664908
4401,197,0,True,drift_sigmoid,115.19058430867969
4402,192,0,True,drift_sigmoid,79.2016227542393
4403,131,0,True,drift_ramp,182.0752846677721
4404,276,0,True,takeover_step,113.5829416248078
4405,110,0,True,step,84.5364701054331
4406,214,0,False,normal,
4407,112,0,True,takeover_ramp,123.96392069259976
4408,184,0,True,drift_ramp,75.24008074312675
4409,214,0,False,normal,
4410,112,0,True,takeover_ramp,123.96392069259976
4411,238,0,False,normal,
4412,150,0,False,normal,
4413,118,0,False,normal,
4414,214,0,False,normal,
4415,95,0,True,step,58.56240426323088
4416,149,0,True,delay,147.69176370466812
4417,134,0,False,normal,
4418,276,0,True,takeover_step,113.5829416248078
4419,212,0,True,drift_sigmoid,79.90523467535208
4420,2,0,True,takeover_ramp,95.8006784666841
4421,118,0,False,normal,
4422,179,0,True,takeover_step,122.10788111664908
4423,224,0,True,takeover_step,93.79210260555345
4424,131,1,True,drift_ramp,182.0752846677721
4425,254,0,True,drift_ramp,94.50622501263359
4426,118,0,False,normal,
4427,170,0,False,normal,
4428,264,0,True,delay,123.68174203500719
4429,165,0,True,drift_sigmoid,147.15736833345036
4430,134,0,False,normal,
4431,239,0,False,normal,
4432,149,0,True,delay,147.69176370466812
4433,224,0,True,takeover_step,93.79210260555345
4434,250,0,False,normal,
4435,117,0,True,delay,62.23656649358486
4436,149,0,True,delay,147.69176370466812
4437,136,0,False,normal,
4438,239,0,False,normal,
4439,238,0,False,normal,
4440,76,0,True,step,165.52877740850676
4441,154,0,False,normal,
4442,150,0,False,normal,
4443,123,0,True,delay,158.26730028372296
4444,264,0,True,delay,123.68174203500719
4445,131,0,True,drift_ramp,182.0752846677721
4446,165,0,True,drift_sigmoid,147.15736833345036
4447,166,0,False,normal,
4448,169,0,True,takeover_ramp,97.420297603735
4449,276,0,True,takeover_step,113.5829416248078
4450,112,0,True,takeover_ramp,123.96392069259976
4451,117,0,True,delay,62.23656649358486
4452,243,0,True,step,127.99537316243467
4453,233,0,True,delay,149.85146211197676
4454,76,0,True,step,165.52877740850676
4455,131,0,True,drift_ramp,182.0752846677721
4456,264,0,True,delay,123.68174203500719
4457,243,0,True,step,127.99537316243467
4458,123,0,True,delay,158.26730028372296
4459,276,0,True,takeover_step,113.5829416248078
4460,184,0,True,drift_ramp,75.24008074312675
4461,134,0,False,normal,
4462,276,0,True,takeover_step,113.5829416248078
4463,118,0,False,normal,
4464,150,0,False,normal,
4465,224,0,True,takeover_step,93.79210260555345
4466,76,0,True,step,165.52877740850676
4467,179,0,True,takeover_step,122.10788111664908
4468,108,0,True,step,75.3845071838438
4469,117,0,True,delay,62.23656649358486
4470,170,0,False,normal,
4471,197,0,True,drift_sigmoid,115.19058430867969
4472,149,0,True,delay,147.69176370466812
4473,112,0,True,takeover_ramp,123.96392069259976
4474,193,1,True,takeover_ramp,40.23553773066088
4475,264,0,True,delay,123.68174203500719
4476,134,0,False,normal,
4477,150,0,False,normal,
4478,258,0,True,drift_sigmoid,128.36090134328924
4479,117,0,True,delay,62.23656649358486
4480,239,0,False,normal,
4481,131,0,True,drift_ramp,182.0752846677721
4482,170,0,False,normal,
4483,233,0,True,delay,149.85146211197676
4484,214,0,False,normal,
4485,233,0,True,delay,149.85146211197676
4486,239,0,False,normal,
4487,134,0,False,normal,
4488,224,0,True,takeover_step,93.79210260555345
4489,243,0,True,step,127.99537316243467
4490,197,0,True,drift_sigmoid,115.19058430867969
4491,108,0,True,step,75.3845071838438
4492,179,0,True,takeover_step,122.10788111664908
4493,270,0,False,normal,
4494,166,0,False,normal,
4495,123,0,True,delay,158.26730028372296
4496,154,0,False,normal,
4497,18,0,False,normal,
4498,123,0,True,delay,158.26730028372296
4499,238,0,False,normal,
4500,150,0,False,normal,
4501,270,0,False,normal,
4502,179,0,True,takeover_step,122.10788111664908
4503,110,0,True,step,84.5364701054331
4504,150,0,False,normal,
4505,18,0,False,normal,
4506,77,0,True,takeover_ramp,87.63696498999546
4507,239,0,False,normal,
4508,264,0,True,delay,123.68174203500719
4509,250,0,False,normal,
4510,214,0,False,normal,
4511,149,0,True,delay,147.69176370466812
4512,166,0,False,normal,
4513,118,0,False,normal,
4514,224,0,True,takeover_step,93.79210260555345
4515,150,0,False,normal,
4516,2,0,True,takeover_ramp,95.8006784666841
4517,131,0,True,drift_ramp,182.0752846677721
4518,77,0,True,takeover_ramp,87.63696498999546
4519,136,0,False,normal,
4520,150,0,False,normal,
4521,184,0,True,drift_ramp,75.24008074312675
4522,110,0,True,step,84.5364701054331
4523,134,0,False,normal,
4524,117,0,True,delay,62.23656649358486
4525,254,0,True,drift_ramp,94.50622501263359
4526,149,0,True,delay,147.69176370466812
4527,123,0,True,delay,158.26730028372296
4528,214,0,False,normal,
4529,112,0,True,takeover_ramp,123.96392069259976
4530,165,0,True,drift_sigmoid,147.15736833345036
4531,212,0,True,drift_sigmoid,79.90523467535208
4532,118,0,False,normal,
4533,184,0,True,drift_ramp,75.24008074312675
4534,170,0,False,normal,
4535,279,0,True,drift_ramp,90.42971961610978
4536,18,0,False,normal,
4537,170,0,False,normal,
4538,238,0,False,normal,
4539,118,0,False,normal,
4540,276,0,True,takeover_step,113.5829416248078
4541,166,0,False,normal,
4542,258,0,True,drift_sigmoid,128.36090134328924
4543,179,0,True,takeover_step,122.10788111664908
4544,166,0,False,normal,
4545,154,0,False,normal,
4546,118,0,False,normal,
4547,112,0,True,takeover_ramp,123.96392069259976
4548,118,0,False,normal,
4549,134,0,False,normal,
4550,118,0,False,normal,
4551,224,0,True,takeover_step,93.79210260555345
4552,258,0,True,drift_sigmoid,128.36090134328924
4553,166,0,False,normal,
4554,192,0,True,drift_sigmoid,79.2016227542393
4555,254,0,True,drift_ramp,94.50622501263359
4556,77,0,True,takeover_ramp,87.63696498999546
4557,131,0,True,drift_ramp,182.0752846677721
4558,243,0,True,step,127.99537316243467
4559,170,0,False,normal,
4560,131,0,True,drift_ramp,182.0752846677721
4561,166,0,False,normal,
4562,165,0,True,drift_sigmoid,147.15736833345036
4563,154,0,False,normal,
4564,76,0,True,step,165.52877740850676
4565,264,0,True,delay,123.68174203500719
4566,123,0,True,delay,158.26730028372296
4567,192,0,True,drift_sigmoid,79.2016227542393
4568,18,0,False,normal,
4569,134,0,False,normal,
4570,270,0,False,normal,
4571,239,0,False,normal,
4572,154,0,False,normal,
4573,239,0,False,normal,
4574,76,0,True,step,165.52877740850676
4575,165,0,True,drift_sigmoid,147.15736833345036
4576,149,0,True,delay,147.69176370466812
4577,166,0,False,normal,
4578,95,1,True,step,58.56240426323088
4579,114,1,True,drift_ramp,23.262408845252608
4580,136,0,False,normal,
4581,238,0,False,normal,
4582,134,0,False,normal,
4583,239,0,False,normal,
4584,264,0,True,delay,123.68174203500719
4585,95,0,True,step,58.56240426323088
4586,170,0,False,normal,
4587,165,0,True,drift_sigmoid,147.15736833345036
4588,117,0,True,delay,62.23656649358486
4589,166,0,False,normal,
4590,264,0,True,delay,123.68174203500719
4591,154,0,False,normal,
4592,250,0,False,normal,
4593,169,0,True,takeover_ramp,97.420297603735
4594,238,0,False,normal,
4595,108,0,True,step,75.3845071838438
4596,2,0,True,takeover_ramp,95.8006784666841
4597,197,0,True,drift_sigmoid,115.19058430867969
4598,118,0,False,normal,
4599,239,0,False,normal,
4600,276,0,True,takeover_step,113.5829416248078
4601,2,0,True,takeover_ramp,95.8006784666841
4602,118,0,False,normal,
4603,224,0,True,takeover_step,93.79210260555345
4604,184,0,True,drift_ramp,75.24008074312675
4605,118,0,False,normal,
4606,270,0,False,normal,
4607,165,0,True,drift_sigmoid,147.15736833345036
4608,233,0,True,delay,149.85146211197676
4609,238,0,False,normal,
4610,134,0,False,normal,
4611,239,0,False,normal,
4612,165,0,True,drift_sigmoid,147.15736833345036
4613,239,0,False,normal,
4614,165,0,True,drift_sigmoid,147.15736833345036
4615,238,0,False,normal,
4616,112,0,True,takeover_ramp,123.96392069259976
4617,18,0,False,normal,
4618,123,0,True,delay,158.26730028372296
4619,118,0,False,normal,
4620,112,0,True,takeover_ramp,123.96392069259976
4621,134,0,False,normal,
4622,2,0,True,takeover_ramp,95.8006784666841
4623,162,1,True,takeover_step,14.91515823592874
4624,170,0,False,normal,
4625,276,0,True,takeover_step,113.5829416248078
4626,154,0,False,normal,
4627,123,0,True,delay,158.26730028372296
4628,214,0,False,normal,
4629,258,0,True,drift_sigmoid,128.36090134328924
4630,118,0,False,normal,
4631,123,0,True,delay,158.26730028372296
4632,77,0,True,takeover_ramp,87.63696498999546
4633,18,0,False,normal,
4634,224,0,True,takeover_step,93.79210260555345
4635,95,0,True,step,58.56240426323088
4636,264,0,True,delay,123.68174203500719
4637,162,1,True,takeover_step,14.91515823592874
4638,239,0,False,normal,
4639,118,0,False,normal,
4640,131,0,True,drift_ramp,182.0752846677721
4641,264,0,True,delay,123.68174203500719
4642,170,0,False,normal,
4643,279,0,True,drift_ramp,90.42971961610978
4644,279,0,True,drift_ramp,90.42971961610978
4645,276,0,True,takeover_step,113.5829416248078
4646,169,0,True,takeover_ramp,97.420297603735
4647,123,0,True,delay,158.26730028372296
4648,170,0,False,normal,
4649,149,0,True,delay,147.69176370466812
4650,224,0,True,takeover_step,93.79210260555345
4651,18,0,False,normal,
4652,279,0,True,drift_ramp,90.42971961610978
4653,2,0,True,takeover_ramp,95.8006784666841
4654,118,0,False,normal,
4655,193,0,True,takeover_ramp,40.23553773066088
4656,270,0,False,normal,
4657,134,0,False,normal,
4658,114,0,True,drift_ramp,23.262408845252608
4659,169,0,True,takeover_ramp,97.420297603735
4660,179,0,True,takeover_step,122.10788111664908
4661,197,0,True,drift_sigmoid,115.19058430867969
4662,270,0,False,normal,
4663,224,0,True,takeover_step,93.79210260555345
4664,154,0,False,normal,
4665,76,0,True,step,165.52877740850676
4666,233,0,True,delay,149.85146211197676
4667,224,0,True,takeover_step,93.79210260555345
4668,118,0,False,normal,
4669,18,0,False,normal,
4670,197,0,True,drift_sigmoid,115.19058430867969
4671,123,0,True,delay,158.26730028372296
4672,76,0,True,step,165.52877740850676
4673,250,0,False,normal,
4674,179,0,True,takeover_step,122.10788111664908
4675,258,0,True,drift_sigmoid,128.36090134328924
4676,170,0,False,normal,
4677,197,0,True,drift_sigmoid,115.19058430867969
4678,238,0,False,normal,
4679,131,0,True,drift_ramp,182.0752846677721
4680,270,0,False,normal,
4681,76,0,True,step,165.52877740850676
4682,18,0,False,normal,
4683,214,0,False,normal,
4684,276,0,True,takeover_step,113.5829416248078
4685,239,0,False,normal,
4686,118,0,False,normal,
4687,270,0,False,normal,
4688,112,0,True,takeover_ramp,123.96392069259976
4689,136,0,False,normal,
4690,76,0,True,step,165.52877740850676
4691,165,0,True,drift_sigmoid,147.15736833345036
4692,197,0,True,drift_sigmoid,115.19058430867969
4693,18,0,False,normal,
4694,118,0,False,normal,
4695,197,0,True,drift_sigmoid,115.19058430867969
4696,112,0,True,takeover_ramp,123.96392069259976
4697,170,0,False,normal,
4698,123,0,True,delay,158.26730028372296
4699,166,0,False,normal,
4700,154,0,False,normal,
4701,197,0,True,drift_sigmoid,115.19058430867969
4702,18,0,False,normal,
4703,2,0,True,takeover_ramp,95.8006784666841
4704,18,0,False,normal,
4705,149,0,True,delay,147.69176370466812
4706,108,0,True,step,75.3845071838438
4707,238,0,False,normal,
4708,239,0,False,normal,
4709,123,0,True,delay,158.26730028372296
4710,258,0,True,drift_sigmoid,128.36090134328924
4711,239,0,False,normal,
4712,197,0,True,drift_sigmoid,115.19058430867969
4713,77,0,True,takeover_ramp,87.63696498999546
4714,166,0,False,normal,
4715,136,0,False,normal,
4716,150,0,False,normal,
4717,110,0,True,step,84.5364701054331
4718,95,0,True,step,58.56240426323088
4719,214,0,False,normal,
4720,2,0,True,takeover_ramp,95.8006784666841
4721,76,0,True,step,165.52877740850676
4722,166,0,False,normal,
4723,77,0,True,takeover_ramp,87.63696498999546
4724,136,0,False,normal,
4725,165,0,True,drift_sigmoid,147.15736833345036
4726,136,0,False,normal,
4727,243,0,True,step,127.99537316243467
4728,243,0,True,step,127.99537316243467
4729,193,0,True,takeover_ramp,40.23553773066088
4730,134,0,False,normal,
4731,166,0,False,normal,
4732,279,0,True,drift_ramp,90.42971961610978
4733,18,0,False,normal,
4734,270,0,False,normal,
4735,114,0,True,drift_ramp,23.262408845252608
4736,123,0,True,delay,158.26730028372296
4737,76,0,True,step,165.52877740850676
4738,170,0,False,normal,
4739,179,0,True,takeover_step,122.10788111664908
4740,118,0,False,normal,
4741,243,0,True,step,127.99537316243467
4742,123,0,True,delay,158.26730028372296
4743,131,0,True,drift_ramp,182.0752846677721
4744,165,0,True,drift_sigmoid,147.15736833345036
4745,250,0,False,normal,
4746,193,0,True,takeover_ramp,40.23553773066088
4747,2,0,True,takeover_ramp,95.8006784666841
4748,18,0,False,normal,
4749,131,0,True,drift_ramp,182.0752846677721
4750,170,0,False,normal,
4751,118,0,False,normal,
4752,197,0,True,drift_sigmoid,115.19058430867969
4753,112,0,True,takeover_ramp,123.96392069259976
4754,233,0,True,delay,149.85146211197676
4755,239,0,False,normal,
4756,243,0,True,step,127.99537316243467
4757,118,0,False,normal,
4758,165,0,True,drift_sigmoid,147.15736833345036
4759,197,0,True,drift_sigmoid,115.19058430867969
4760,276,0,True,takeover_step,113.5829416248078
4761,150,0,False,normal,
4762,197,0,True,drift_sigmoid,115.19058430867969
4763,149,0,True,delay,147.69176370466812
4764,123,0,True,delay,158.26730028372296
4765,179,0,True,takeover_step,122.10788111664908
4766,179,0,True,takeover_step,122.10788111664908
4767,238,0,False,normal,
4768,192,0,True,drift_sigmoid,79.2016227542393
4769,238,0,False,normal,
4770,95,0,True,step,58.56240426323088
4771,243,0,True,step,127.99537316243467
4772,170,0,False,normal,
4773,110,0,True,step,84.5364701054331
4774,270,0,False,normal,
4775,243,0,True,step,127.99537316243467
4776,165,0,True,drift_sigmoid,147.15736833345036
4777,131,0,True,drift_ramp,182.0752846677721
4778,179,0,True,takeover_step,122.10788111664908
4779,243,0,True,step,127.99537316243467
4780,170,0,False,normal,
4781,131,0,True,drift_ramp,182.0752846677721
4782,238,0,False,normal,
4783,131,0,True,drift_ramp,182.0752846677721
4784,118,0,False,normal,
4785,276,0,True,takeover_step,113.5829416248078
4786,76,0,True,step,165.52877740850676
4787,224,1,True,takeover_step,93.79210260555345
4788,179,0,True,takeover_step,122.10788111664908
4789,2,0,True,takeover_ramp,95.8006784666841
4790,258,0,True,drift_sigmoid,128.36090134328924
4791,193,0,True,takeover_ramp,40.23553773066088
4792,118,0,False,normal,
4793,149,0,True,delay,147.69176370466812
4794,169,0,True,takeover_ramp,97.420297603735
4795,250,0,False,normal,
4796,131,0,True,drift_ramp,182.0752846677721
4797,179,0,True,takeover_step,122.10788111664908
4798,77,0,True,takeover_ramp,87.63696498999546
4799,276,0,True,takeover_step,113.5829416248078
4800,238,0,False,normal,
4801,239,0,False,normal,
4802,239,0,False,normal,
4803,264,0,True,delay,123.68174203500719
4804,238,0,False,normal,
4805,118,0,False,normal,
4806,238,0,False,normal,
4807,250,0,False,normal,
4808,233,0,True,delay,149.85146211197676
4809,117,0,True,delay,62.23656649358486
4810,214,0,False,normal,
4811,179,0,True,takeover_step,122.10788111664908
4812,214,0,False,normal,
4813,76,0,True,step,165.52877740850676
4814,112,0,True,takeover_ramp,123.96392069259976
4815,150,0,False,normal,
4816,243,0,True,step,127.99537316243467
4817,131,0,True,drift_ramp,182.0752846677721
4818,170,0,False,normal,
4819,166,0,False,normal,
4820,118,0,False,normal,
4821,2,0,True,takeover_ramp,95.8006784666841
4822,134,0,False,normal,
4823,170,0,False,normal,
4824,108,0,True,step,75.3845071838438
4825,179,0,True,takeover_step,122.10788111664908
4826,134,0,False,normal,
4827,184,0,True,drift_ramp,75.24008074312675
4828,212,0,True,drift_sigmoid,79.90523467535208
4829,77,0,True,takeover_ramp,87.63696498999546
4830,279,0,True,drift_ramp,90.42971961610978
4831,77,0,True,takeover_ramp,87.63696498999546
4832,258,0,True,drift_sigmoid,128.36090134328924
4833,250,0,False,normal,
4834,243,0,True,step,127.99537316243467
4835,18,0,False,normal,
4836,276,0,True,takeover_step,113.5829416248078
4837,254,0,True,drift_ramp,94.50622501263359
4838,258,0,True,drift_sigmoid,128.36090134328924
4839,238,0,False,normal,
4840,264,0,True,delay,123.68174203500719
4841,166,0,False,normal,
4842,276,0,True,takeover_step,113.5829416248078
4843,136,0,False,normal,
4844,154,0,False,normal,
4845,95,0,True,step,58.56240426323088
4846,136,0,False,normal,
4847,224,0,True,takeover_step,93.79210260555345
4848,169,0,True,takeover_ramp,97.420297603735
4849,131,0,True,drift_ramp,182.0752846677721
4850,170,0,False,normal,
4851,154,0,False,normal,
4852,270,0,False,normal,
4853,118,0,False,normal,
4854,184,0,True,drift_ramp,75.24008074312675
4855,18,0,False,normal,
4856,76,0,True,step,165.52877740850676
4857,233,0,True,delay,149.85146211197676
4858,184,0,True,drift_ramp,75.24008074312675
4859,192,0,True,drift_sigmoid,79.2016227542393
4860,150,0,False,normal,
4861,110,0,True,step,84.5364701054331
4862,150,0,False,normal,
4863,212,0,True,drift_sigmoid,79.90523467535208
4864,254,0,True,drift_ramp,94.50622501263359
4865,239,0,False,normal,
4866,118,0,False,normal,
4867,239,0,False,normal,
4868,197,0,True,drift_sigmoid,115.19058430867969
4869,136,0,False,normal,
4870,238,0,False,normal,
4871,170,0,False,normal,
4872,279,0,True,drift_ramp,90.42971961610978
4873,150,0,False,normal,
4874,149,0,True,delay,147.69176370466812
4875,170,0,False,normal,
4876,243,0,True,step,127.99537316243467
4877,2,0,True,takeover_ramp,95.8006784666841
4878,134,0,False,normal,
4879,270,0,False,normal,
4880,18,0,False,normal,
4881,258,0,True,drift_sigmoid,128.36090134328924
4882,118,0,False,normal,
4883,118,0,False,normal,
4884,166,0,False,normal,
4885,197,0,True,drift_sigmoid,115.19058430867969
4886,214,0,False,normal,
4887,184,0,True,drift_ramp,75.24008074312675
4888,224,0,True,takeover_step,93.79210260555345
4889,276,0,True,takeover_step,113.5829416248078
4890,254,0,True,drift_ramp,94.50622501263359
4891,123,0,True,delay,158.26730028372296
4892,18,0,False,normal,
4893,192,0,True,drift_sigmoid,79.2016227542393
4894,238,0,False,normal,
4895,214,0,False,normal,
4896,238,0,False,normal,
4897,134,0,False,normal,
4898,197,0,True,drift_sigmoid,115.19058430867969
4899,250,0,False,normal,
4900,212,0,True,drift_sigmoid,79.90523467535208
4901,76,1,True,step,165.52877740850676
4902,238,0,False,normal,
4903,238,0,False,normal,
4904,197,0,True,drift_sigmoid,115.19058430867969
4905,136,0,False,normal,
4906,76,0,True,step,165.52877740850676
4907,118,0,False,normal,
4908,118,0,False,normal,
4909,279,0,True,drift_ramp,90.42971961610978
4910,276,0,True,takeover_step,113.5829416248078
4911,224,0,True,takeover_step,93.79210260555345
4912,2,0,True,takeover_ramp,95.8006784666841
4913,18,0,False,normal,
4914,258,0,True,drift_sigmoid,128.36090134328924
4915,170,0,False,normal,
4916,131,0,True,drift_ramp,182.0752846677721
4917,214,0,False,normal,
4918,154,0,False,normal,
4919,134,0,False,normal,
4920,150,0,False,normal,
4921,136,0,False,normal,
4922,276,0,True,takeover_step,113.5829416248078
4923,95,1,True,step,58.56240426323088
4924,77,0,True,takeover_ramp,87.63696498999546
4925,165,0,True,drift_sigmoid,147.15736833345036
4926,233,0,True,delay,149.85146211197676
4927,149,0,True,delay,147.69176370466812
4928,112,0,True,takeover_ramp,123.96392069259976
4929,243,0,True,step,127.99537316243467
4930,214,0,False,normal,
4931,2,0,True,takeover_ramp,95.8006784666841
4932,117,0,True,delay,62.23656649358486
4933,179,0,True,takeover_step,122.10788111664908
4934,233,0,True,delay,149.85146211197676
4935,243,0,True,step,127.99537316243467
4936,95,0,True,step,58.56240426323088
4937,270,0,False,normal,
4938,170,0,False,normal,
4939,276,0,True,takeover_step,113.5829416248078
4940,131,0,True,drift_ramp,182.0752846677721
4941,18,0,False,normal,
4942,239,0,False,normal,
4943,270,0,False,normal,
4944,154,0,False,normal,
4945,95,0,True,step,58.56240426323088
4946,270,0,False,normal,
4947,279,1,True,drift_ramp,90.42971961610978
4948,193,1,True,takeover_ramp,40.23553773066088
4949,136,0,False,normal,
4950,184,1,True,drift_ramp,75.24008074312675
4951,112,0,True,takeover_ramp,123.96392069259976
4952,264,0,True,delay,123.68174203500719
4953,270,0,False,normal,
4954,238,0,False,normal,
4955,239,0,False,normal,
4956,238,0,False,normal,
4957,123,0,True,delay,158.26730028372296
4958,136,0,False,normal,
4959,238,0,False,normal,
4960,197,0,True,drift_sigmoid,115.19058430867969
4961,112,0,True,takeover_ramp,123.96392069259976
4962,270,0,False,normal,
4963,250,0,False,normal,
4964,112,0,True,takeover_ramp,123.96392069259976
4965,270,0,False,normal,
4966,134,0,False,normal,
4967,233,0,True,delay,149.85146211197676
4968,165,0,True,drift_sigmoid,147.15736833345036
4969,154,0,False,normal,
4970,123,0,True,delay,158.26730028372296
4971,238,0,False,normal,
4972,254,0,True,drift_ramp,94.50622501263359
4973,279,0,True,drift_ramp,90.42971961610978
4974,279,0,True,drift_ramp,90.42971961610978
4975,258,0,True,drift_sigmoid,128.36090134328924
4976,166,0,False,normal,
4977,254,0,True,drift_ramp,94.50622501263359
4978,154,0,False,normal,
4979,18,0,False,normal,
4980,117,0,True,delay,62.23656649358486
4981,110,0,True,step,84.5364701054331
4982,114,1,True,drift_ramp,23.262408845252608
4983,250,0,False,normal,
4984,233,0,True,delay,149.85146211197676
4985,95,0,True,step,58.56240426323088
4986,179,0,True,takeover_step,122.10788111664908
4987,76,0,True,step,165.52877740850676
4988,243,0,True,step,127.99537316243467
4989,123,0,True,delay,158.26730028372296
4990,77,0,True,takeover_ramp,87.63696498999546
4991,166,0,False,normal,
4992,131,0,True,drift_ramp,182.0752846677721
4993,212,0,True,drift_sigmoid,79.90523467535208
4994,123,0,True,delay,158.26730028372296
4995,221,1,True,takeover_step,10.536360647437668
4996,170,0,False,normal,
4997,243,0,True,step,127.99537316243467
4998,233,0,True,delay,149.85146211197676
4999,192,0,True,drift_sigmoid,79.2016227542393
5000,150,0,False,normal,
5001,170,0,False,normal,
5002,112,0,True,takeover_ramp,123.96392069259976
5003,233,0,True,delay,149.85146211197676
5004,243,0,True,step,127.99537316243467
5005,2,0,True,takeover_ramp,95.8006784666841
5006,131,0,True,drift_ramp,182.0752846677721
5007,184,0,True,drift_ramp,75.24008074312675
5008,154,0,False,normal,
5009,258,0,True,drift_sigmoid,128.36090134328924
5010,212,0,True,drift_sigmoid,79.90523467535208
5011,270,0,False,normal,
5012,192,0,True,drift_sigmoid,79.2016227542393
5013,258,0,True,drift_sigmoid,128.36090134328924
5014,243,0,True,step,127.99537316243467
5015,165,0,True,drift_sigmoid,147.15736833345036
5016,118,0,False,normal,
5017,154,0,False,normal,
5018,239,0,False,normal,
5019,108,0,True,step,75.3845071838438
5020,169,0,True,takeover_ramp,97.420297603735
5021,95,0,True,step,58.56240426323088
5022,184,0,True,drift_ramp,75.24008074312675
5023,123,0,True,delay,158.26730028372296
5024,214,0,False,normal,
5025,254,0,True,drift_ramp,94.50622501263359
5026,150,0,False,normal,
5027,224,0,True,takeover_step,93.79210260555345
5028,239,0,False,normal,
5029,270,0,False,normal,
5030,154,0,False,normal,
5031,123,0,True,delay,158.26730028372296
5032,197,0,True,drift_sigmoid,115.19058430867969
5033,279,0,True,drift_ramp,90.42971961610978
5034,193,0,True,takeover_ramp,40.23553773066088
5035,131,1,True,drift_ramp,182.0752846677721
5036,166,0,False,normal,
5037,123,0,True,delay,158.26730028372296
5038,108,1,True,step,75.3845071838438
5039,131,0,True,drift_ramp,182.0752846677721
5040,233,0,True,delay,149.85146211197676
5041,238,0,False,normal,
5042,179,0,True,takeover_step,122.10788111664908
5043,123,0,True,delay,158.26730028372296
5044,214,0,False,normal,
5045,254,0,True,drift_ramp,94.50622501263359
5046,233,0,True,delay,149.85146211197676
5047,117,0,True,delay,62.23656649358486
5048,76,1,True,step,165.52877740850676
5049,134,0,False,normal,
5050,250,0,False,normal,
5051,18,0,False,normal,
5052,212,0,True,drift_sigmoid,79.90523467535208
5053,239,0,False,normal,
5054,250,0,False,normal,
5055,238,0,False,normal,
5056,108,0,True,step,75.3845071838438
5057,212,0,True,drift_sigmoid,79.90523467535208
5058,118,0,False,normal,
5059,2,0,True,takeover_ramp,95.8006784666841
5060,77,0,True,takeover_ramp,87.63696498999546
5061,154,0,False,normal,
5062,108,0,True,step,75.3845071838438
5063,224,0,True,takeover_step,93.79210260555345
5064,150,0,False,normal,
5065,250,0,False,normal,
5066,264,0,True,delay,123.68174203500719
5067,250,0,False,normal,
5068,118,0,False,normal,
5069,134,0,False,normal,
5070,123,0,True,delay,158.26730028372296
5071,131,0,True,drift_ramp,182.0752846677721
5072,270,0,False,normal,
5073,243,0,True,step,127.99537316243467
5074,117,0,True,delay,62.23656649358486
5075,110,0,True,step,84.5364701054331
5076,270,0,False,normal,
5077,197,0,True,drift_sigmoid,115.19058430867969
5078,238,0,False,normal,
5079,270,0,False,normal,
5080,108,0,True,step,75.3845071838438
5081,166,0,False,normal,
5082,250,0,False,normal,
5083,118,0,False,normal,
5084,154,0,False,normal,
5085,254,0,True,drift_ramp,94.50622501263359
5086,136,0,False,normal,
5087,131,0,True,drift_ramp,182.0752846677721
5088,270,0,False,normal,
5089,179,0,True,takeover_step,122.10788111664908
5090,150,0,False,normal,
5091,165,0,True,drift_sigmoid,147.15736833345036
5092,258,1,True,drift_sigmoid,128.36090134328924
5093,110,0,True,step,84.5364701054331
5094,224,0,True,takeover_step,93.79210260555345
5095,243,0,True,step,127.99537316243467
5096,77,0,True,takeover_ramp,87.63696498999546
5097,2,0,True,takeover_ramp,95.8006784666841
5098,165,0,True,drift_sigmoid,147.15736833345036
5099,76,0,True,step,165.52877740850676
5100,131,0,True,drift_ramp,182.0752846677721
5101,150,0,False,normal,
5102,276,0,True,takeover_step,113.5829416248078
5103,77,0,True,takeover_ramp,87.63696498999546
5104,150,0,False,normal,
5105,134,0,False,normal,
5106,179,0,True,takeover_step,122.10788111664908
5107,270,0,False,normal,
5108,165,0,True,drift_sigmoid,147.15736833345036
5109,136,0,False,normal,
5110,76,0,True,step,165.52877740850676
5111,239,0,False,normal,
5112,108,0,True,step,75.3845071838438
5113,77,0,True,takeover_ramp,87.63696498999546
5114,239,0,False,normal,
5115,118,0,False,normal,
5116,233,0,True,delay,149.85146211197676
5117,224,0,True,takeover_step,93.79210260555345
5118,270,0,False,normal,
5119,154,0,False,normal,
5120,233,0,True,delay,149.85146211197676
5121,212,0,True,drift_sigmoid,79.90523467535208
5122,170,0,False,normal,
5123,149,0,True,delay,147.69176370466812
5124,239,0,False,normal,
5125,112,0,True,takeover_ramp,123.96392069259976
5126,112,0,True,takeover_ramp,123.96392069259976
5127,123,0,True,delay,158.26730028372296
5128,276,0,True,takeover_step,113.5829416248078
5129,243,0,True,step,127.99537316243467
5130,239,0,False,normal,
5131,238,0,False,normal,
5132,154,0,False,normal,
5133,2,0,True,takeover_ramp,95.8006784666841
5134,270,0,False,normal,
5135,150,0,False,normal,
5136,154,0,False,normal,
5137,270,0,False,normal,
5138,136,0,False,normal,
5139,118,0,False,normal,
5140,131,0,True,drift_ramp,182.0752846677721
5141,136,0,False,normal,
5142,18,0,False,normal,
5143,149,0,True,delay,147.69176370466812
5144,254,0,True,drift_ramp,94.50622501263359
5145,169,0,True,takeover_ramp,97.420297603735
5146,18,0,False,normal,
5147,270,0,False,normal,
5148,76,0,True,step,165.52877740850676
5149,165,0,True,drift_sigmoid,147.15736833345036
5150,264,0,True,delay,123.68174203500719
5151,150,0,False,normal,
5152,270,0,False,normal,
5153,165,0,True,drift_sigmoid,147.15736833345036
5154,108,0,True,step,75.3845071838438
5155,184,0,True,drift_ramp,75.24008074312675
5156,136,0,False,normal,
5157,95,0,True,step,58.56240426323088
5158,243,0,True,step,127.99537316243467
5159,170,0,False,normal,
5160,108,0,True,step,75.3845071838438
5161,118,0,False,normal,
5162,239,0,False,normal,
5163,134,0,False,normal,
5164,276,0,True,takeover_step,113.5829416248078
5165,264,0,True,delay,123.68174203500719
5166,224,0,True,takeover_step,93.79210260555345
5167,184,0,True,drift_ramp,75.24008074312675
5168,76,0,True,step,165.52877740850676
5169,224,0,True,takeover_step,93.79210260555345
5170,134,0,False,normal,
5171,117,0,True,delay,62.23656649358486
5172,238,0,False,normal,
5173,224,0,True,takeover_step,93.79210260555345
5174,239,0,False,normal,
5175,77,0,True,takeover_ramp,87.63696498999546
5176,264,0,True,delay,123.68174203500719
5177,212,0,True,drift_sigmoid,79.90523467535208
5178,131,0,True,drift_ramp,182.0752846677721
5179,136,0,False,normal,
5180,264,0,True,delay,123.68174203500719
5181,179,0,True,takeover_step,122.10788111664908
5182,270,0,False,normal,
5183,224,0,True,takeover_step,93.79210260555345
5184,136,0,False,normal,
5185,279,0,True,drift_ramp,90.42971961610978
5186,110,0,True,step,84.5364701054331
5187,165,0,True,drift_sigmoid,147.15736833345036
5188,184,0,True,drift_ramp,75.24008074312675
5189,123,0,True,delay,158.26730028372296
5190,131,0,True,drift_ramp,182.0752846677721
5191,197,0,True,drift_sigmoid,115.19058430867969
5192,118,0,False,normal,
5193,118,0,False,normal,
5194,131,0,True,drift_ramp,182.0752846677721
5195,131,0,True,drift_ramp,182.0752846677721
5196,238,0,False,normal,
5197,136,0,False,normal,
5198,108,0,True,step,75.3845071838438
5199,214,0,False,normal,
5200,179,0,True,takeover_step,122.10788111664908
5201,243,0,True,step,127.99537316243467
5202,214,0,False,normal,
5203,243,0,True,step,127.99537316243467
5204,118,0,False,normal,
5205,212,0,True,drift_sigmoid,79.90523467535208
5206,118,0,False,normal,
5207,224,0,True,takeover_step,93.79210260555345
5208,250,0,False,normal,
5209,76,0,True,step,165.52877740850676
5210,243,0,True,step,127.99537316243467
5211,166,0,False,normal,
5212,108,0,True,step,75.3845071838438
5213,154,0,False,normal,
5214,264,0,True,delay,123.68174203500719
5215,233,0,True,delay,149.85146211197676
5216,179,0,True,takeover_step,122.10788111664908
5217,239,0,False,normal,
5218,149,0,True,delay,147.69176370466812
5219,108,0,True,step,75.3845071838438
5220,112,0,True,takeover_ramp,123.96392069259976
5221,136,0,False,normal,
5222,250,0,False,normal,
5223,2,0,True,takeover_ramp,95.8006784666841
5224,166,0,False,normal,
5225,214,0,False,normal,
5226,276,0,True,takeover_step,113.5829416248078
5227,239,0,False,normal,
5228,239,0,False,normal,
5229,192,0,True,drift_sigmoid,79.2016227542393
5230,150,0,False,normal,
5231,250,0,False,normal,
5232,76,0,True,step,165.52877740850676
5233,270,0,False,normal,
5234,233,0,True,delay,149.85146211197676
5235,243,0,True,step,127.99537316243467
5236,76,0,True,step,165.52877740850676
5237,149,0,True,delay,147.69176370466812
5238,131,0,True,drift_ramp,182.0752846677721
5239,250,0,False,normal,
5240,276,0,True,takeover_step,113.5829416248078
5241,131,0,True,drift_ramp,182.0752846677721
5242,149,0,True,delay,147.69176370466812
5243,76,0,True,step,165.52877740850676
5244,258,0,True,drift_sigmoid,128.36090134328924
5245,112,0,True,takeover_ramp,123.96392069259976
5246,243,0,True,step,127.99537316243467
5247,118,0,False,normal,
5248,239,0,False,normal,
5249,224,0,True,takeover_step,93.79210260555345
5250,250,0,False,normal,
5251,136,0,False,normal,
5252,279,0,True,drift_ramp,90.42971961610978
5253,270,0,False,normal,
5254,270,0,False,normal,
5255,276,0,True,takeover_step,113.5829416248078
5256,95,0,True,step,58.56240426323088
5257,118,0,False,normal,
5258,118,0,False,normal,
5259,250,0,False,normal,
5260,123,0,True,delay,158.26730028372296
5261,170,0,False,normal,
5262,270,0,False,normal,
5263,254,0,True,drift_ramp,94.50622501263359
5264,214,0,False,normal,
5265,170,0,False,normal,
5266,250,0,False,normal,
5267,233,0,True,delay,149.85146211197676
5268,95,0,True,step,58.56240426323088
5269,239,0,False,normal,
5270,118,0,False,normal,
5271,179,0,True,takeover_step,122.10788111664908
5272,270,0,False,normal,
5273,239,0,False,normal,
5274,150,0,False,normal,
5275,18,0,False,normal,
5276,150,0,False,normal,
5277,76,0,True,step,165.52877740850676
5278,165,0,True,drift_sigmoid,147.15736833345036
5279,170,0,False,normal,
5280,233,0,True,delay,149.85146211197676
5281,112,0,True,takeover_ramp,123.96392069259976
5282,270,0,False,normal,
5283,2,0,True,takeover_ramp,95.8006784666841
5284,123,0,True,delay,158.26730028372296
5285,270,0,False,normal,
5286,276,0,True,takeover_step,113.5829416248078
5287,279,0,True,drift_ramp,90.42971961610978
5288,214,0,False,normal,
5289,192,0,True,drift_sigmoid,79.2016227542393
5290,169,0,True,takeover_ramp,97.420297603735
5291,108,0,True,step,75.3845071838438
5292,197,0,True,drift_sigmoid,115.19058430867969
5293,134,0,False,normal,
5294,166,0,False,normal,
5295,131,0,True,drift_ramp,182.0752846677721
5296,239,0,False,normal,
5297,118,0,False,normal,
5298,270,0,False,normal,
5299,254,0,True,drift_ramp,94.50622501263359
5300,224,0,True,takeover_step,93.79210260555345
5301,270,0,False,normal,
5302,214,0,False,normal,
5303,239,0,False,normal,
5304,179,1,True,takeover_step,122.10788111664908
5305,270,0,False,normal,
5306,18,0,False,normal,
5307,117,0,True,delay,62.23656649358486
5308,264,0,True,delay,123.68174203500719
5309,149,0,True,delay,147.69176370466812
5310,131,0,True,drift_ramp,182.0752846677721
5311,150,0,False,normal,
5312,95,0,True,step,58.56240426323088
5313,108,0,True,step,75.3845071838438
5314,117,0,True,delay,62.23656649358486
5315,243,0,True,step,127.99537316243467
5316,233,0,True,delay,149.85146211197676
5317,150,0,False,normal,
5318,250,0,False,normal,
5319,154,0,False,normal,
5320,134,0,False,normal,
5321,279,0,True,drift_ramp,90.42971961610978
5322,250,0,False,normal,
5323,131,0,True,drift_ramp,182.0752846677721
5324,239,0,False,normal,
5325,76,0,True,step,165.52877740850676
5326,233,0,True,delay,149.85146211197676
5327,233,0,True,delay,149.85146211197676
5328,184,0,True,drift_ramp,75.24008074312675
5329,239,0,False,normal,
5330,214,0,False,normal,
5331,118,0,False,normal,
5332,169,0,True,takeover_ramp,97.420297603735
5333,112,0,True,takeover_ramp,123.96392069259976
5334,243,1,True,step,127.99537316243467
5335,270,0,False,normal,
5336,118,0,False,normal,
5337,184,0,True,drift_ramp,75.24008074312675
5338,184,0,True,drift_ramp,75.24008074312675
5339,276,0,True,takeover_step,113.5829416248078
5340,136,0,False,normal,
5341,250,0,False,normal,
5342,270,0,False,normal,
5343,212,0,True,drift_sigmoid,79.90523467535208
5344,112,0,True,takeover_ramp,123.96392069259976
5345,270,0,False,normal,
5346,136,0,False,normal,
5347,270,0,False,normal,
5348,131,0,True,drift_ramp,182.0752846677721
5349,238,0,False,normal,
5350,110,0,True,step,84.5364701054331
5351,192,0,True,drift_sigmoid,79.2016227542393
5352,154,0,False,normal,
5353,95,0,True,step,58.56240426323088
5354,114,0,True,drift_ramp,23.262408845252608
5355,250,0,False,normal,
5356,154,0,False,normal,
5357,150,0,False,normal,
5358,112,0,True,takeover_ramp,123.96392069259976
5359,18,0,False,normal,
5360,150,0,False,normal,
5361,118,0,False,normal,
5362,165,0,True,drift_sigmoid,147.15736833345036
5363,2,1,True,takeover_ramp,95.8006784666841
5364,239,0,False,normal,
5365,264,0,True,delay,123.68174203500719
5366,270,0,False,normal,
5367,243,0,True,step,127.99537316243467
5368,270,0,False,normal,
5369,179,0,True,takeover_step,122.10788111664908
5370,212,0,True,drift_sigmoid,79.90523467535208
5371,233,0,True,delay,149.85146211197676
5372,136,0,False,normal,
5373,149,0,True,delay,147.69176370466812
5374,150,0,False,normal,
5375,192,0,True,drift_sigmoid,79.2016227542393
5376,131,0,True,drift_ramp,182.0752846677721
5377,233,0,True,delay,149.85146211197676
5378,224,0,True,takeover_step,93.79210260555345
5379,279,0,True,drift_ramp,90.42971961610978
5380,238,0,False,normal,
5381,118,0,False,normal,
5382,149,0,True,delay,147.69176370466812
5383,270,0,False,normal,
5384,112,0,True,takeover_ramp,123.96392069259976
5385,154,0,False,normal,
5386,233,0,True,delay,149.85146211197676
5387,165,0,True,drift_sigmoid,147.15736833345036
5388,239,0,False,normal,
5389,250,0,False,normal,
5390,131,0,True,drift_ramp,182.0752846677721
5391,169,0,True,takeover_ramp,97.420297603735
5392,165,0,True,drift_sigmoid,147.15736833345036
5393,170,0,False,normal,
5394,197,0,True,drift_sigmoid,115.19058430867969
5395,154,0,False,normal,
5396,258,0,True,drift_sigmoid,128.36090134328924
5397,179,0,True,takeover_step,122.10788111664908
5398,110,0,True,step,84.5364701054331
5399,179,0,True,takeover_step,122.10788111664908
5400,270,0,False,normal,
5401,276,0,True,takeover_step,113.5829416248078
5402,2,0,True,takeover_ramp,95.8006784666841
5403,131,0,True,drift_ramp,182.0752846677721
5404,214,0,False,normal,
5405,239,0,False,normal,
5406,243,0,True,step,127.99537316243467
5407,243,0,True,step,127.99537316243467
5408,110,0,True,step,84.5364701054331
5409,264,0,True,delay,123.68174203500719
5410,279,0,True,drift_ramp,90.42971961610978
5411,250,0,False,normal,
5412,134,0,False,normal,
5413,192,0,True,drift_sigmoid,79.2016227542393
5414,131,0,True,drift_ramp,182.0752846677721
5415,112,0,True,takeover_ramp,123.96392069259976
5416,254,0,True,drift_ramp,94.50622501263359
5417,250,0,False,normal,
5418,239,0,False,normal,
5419,270,0,False,normal,
5420,214,0,False,normal,
5421,258,0,True,drift_sigmoid,128.36090134328924
5422,197,0,True,drift_sigmoid,115.19058430867969
5423,270,0,False,normal,
5424,118,0,False,normal,
5425,166,0,False,normal,
5426,18,0,False,normal,
5427,170,0,False,normal,
5428,123,0,True,delay,158.26730028372296
5429,76,0,True,step,165.52877740850676
5430,136,0,False,normal,
5431,250,0,False,normal,
5432,239,0,False,normal,
5433,149,0,True,delay,147.69176370466812
5434,250,0,False,normal,
5435,264,0,True,delay,123.68174203500719
5436,154,0,False,normal,
5437,165,0,True,drift_sigmoid,147.15736833345036
5438,117,0,True,delay,62.23656649358486
5439,238,0,False,normal,
5440,118,0,False,normal,
5441,258,0,True,drift_sigmoid,128.36090134328924
5442,150,0,False,normal,
5443,233,0,True,delay,149.85146211197676
5444,239,0,False,normal,
5445,165,0,True,drift_sigmoid,147.15736833345036
5446,118,0,False,normal,
5447,123,0,True,delay,158.26730028372296
5448,276,0,True,takeover_step,113.5829416248078
5449,250,0,False,normal,
5450,170,0,False,normal,
5451,238,0,False,normal,
5452,150,0,False,normal,
5453,110,0,True,step,84.5364701054331
5454,264,0,True,delay,123.68174203500719
5455,254,0,True,drift_ramp,94.50622501263359
5456,149,0,True,delay,147.69176370466812
5457,123,0,True,delay,158.26730028372296
5458,197,0,True,drift_sigmoid,115.19058430867969
5459,136,0,False,normal,
5460,214,0,False,normal,
5461,166,0,False,normal,
5462,254,0,True,drift_ramp,94.50622501263359
5463,238,0,False,normal,
5464,114,1,True,drift_ramp,23.262408845252608
5465,150,0,False,normal,
5466,254,0,True,drift_ramp,94.50622501263359
5467,238,0,False,normal,
5468,243,0,True,step,127.99537316243467
5469,165,0,True,drift_sigmoid,147.15736833345036
5470,110,0,True,step,84.5364701054331
5471,123,0,True,delay,158.26730028372296
5472,18,0,False,normal,
5473,239,0,False,normal,
5474,95,0,True,step,58.56240426323088
5475,165,0,True,drift_sigmoid,147.15736833345036
5476,95,0,True,step,58.56240426323088
5477,76,0,True,step,165.52877740850676
5478,150,0,False,normal,
5479,154,0,False,normal,
5480,95,0,True,step,58.56240426323088
5481,165,0,True,drift_sigmoid,147.15736833345036
5482,123,0,True,delay,158.26730028372296
5483,162,1,True,takeover_step,14.91515823592874
5484,118,0,False,normal,
5485,224,0,True,takeover_step,93.79210260555345
5486,149,0,True,delay,147.69176370466812
5487,258,0,True,drift_sigmoid,128.36090134328924
5488,258,0,True,drift_sigmoid,128.36090134328924
5489,2,0,True,takeover_ramp,95.8006784666841
5490,123,0,True,delay,158.26730028372296
5491,2,0,True,takeover_ramp,95.8006784666841
5492,258,0,True,drift_sigmoid,128.36090134328924
5493,184,0,True,drift_ramp,75.24008074312675
5494,239,0,False,normal,
5495,154,0,False,normal,
5496,131,0,True,drift_ramp,182.0752846677721
5497,95,0,True,step,58.56240426323088
5498,170,0,False,normal,
5499,258,0,True,drift_sigmoid,128.36090134328924
5500,250,0,False,normal,
5501,131,0,True,drift_ramp,182.0752846677721
5502,18,0,False,normal,
5503,150,0,False,normal,
5504,136,0,False,normal,
5505,2,0,True,takeover_ramp,95.8006784666841
5506,150,0,False,normal,
5507,258,0,True,drift_sigmoid,128.36090134328924
5508,264,0,True,delay,123.68174203500719
5509,166,0,False,normal,
5510,243,0,True,step,127.99537316243467
5511,166,0,False,normal,
5512,150,0,False,normal,
5513,224,0,True,takeover_step,93.79210260555345
5514,224,0,True,takeover_step,93.79210260555345
5515,134,0,False,normal,
5516,238,0,False,normal,
5517,165,0,True,drift_sigmoid,147.15736833345036
5518,2,0,True,takeover_ramp,95.8006784666841
5519,170,0,False,normal,
5520,238,0,False,normal,
5521,18,0,False,normal,
5522,77,0,True,takeover_ramp,87.63696498999546
5523,238,0,False,normal,
5524,76,0,True,step,165.52877740850676
5525,197,0,True,drift_sigmoid,115.19058430867969
5526,150,0,False,normal,
5527,169,0,True,takeover_ramp,97.420297603735
5528,264,0,True,delay,123.68174203500719
5529,112,0,True,takeover_ramp,123.96392069259976
5530,131,0,True,drift_ramp,182.0752846677721
5531,221,1,True,takeover_step,10.536360647437668
5532,250,0,False,normal,
5533,18,0,False,normal,
5534,276,0,True,takeover_step,113.5829416248078
5535,150,0,False,normal,
5536,238,0,False,normal,
5537,118,0,False,normal,
5538,270,0,False,normal,
5539,224,1,True,takeover_step,93.79210260555345
5540,250,0,False,normal,
5541,118,0,False,normal,
5542,243,0,True,step,127.99537316243467
5543,254,0,True,drift_ramp,94.50622501263359
5544,118,0,False,normal,
5545,150,0,False,normal,
5546,238,0,False,normal,
5547,118,0,False,normal,
5548,154,0,False,normal,
5549,197,0,True,drift_sigmoid,115.19058430867969
5550,118,0,False,normal,
5551,2,0,True,takeover_ramp,95.8006784666841
5552,123,0,True,delay,158.26730028372296
5553,238,0,False,normal,
5554,233,0,True,delay,149.85146211197676
5555,270,0,False,normal,
5556,112,0,True,takeover_ramp,123.96392069259976
5557,254,0,True,drift_ramp,94.50622501263359
5558,77,0,True,takeover_ramp,87.63696498999546
5559,270,0,False,normal,
5560,270,0,False,normal,
5561,264,0,True,delay,123.68174203500719
5562,150,0,False,normal,
5563,114,1,True,drift_ramp,23.262408845252608
5564,169,0,True,takeover_ramp,97.420297603735
5565,123,0,True,delay,158.26730028372296
5566,239,0,False,normal,
5567,150,0,False,normal,
5568,179,0,True,takeover_step,122.10788111664908
5569,279,0,True,drift_ramp,90.42971961610978
5570,239,0,False,normal,
5571,112,0,True,takeover_ramp,123.96392069259976
5572,270,0,False,normal,
5573,170,0,False,normal,
5574,18,0,False,normal,
5575,77,0,True,takeover_ramp,87.63696498999546
5576,238,0,False,normal,
5577,258,0,True,drift_sigmoid,128.36090134328924
5578,250,0,False,normal,
5579,136,0,False,normal,
5580,154,0,False,normal,
5581,150,0,False,normal,
5582,214,0,False,normal,
5583,258,0,True,drift_sigmoid,128.36090134328924
5584,114,0,True,drift_ramp,23.262408845252608
5585,239,0,False,normal,
5586,239,0,False,normal,
5587,233,0,True,delay,149.85146211197676
5588,233,0,True,delay,149.85146211197676
5589,166,0,False,normal,
5590,18,0,False,normal,
5591,76,0,True,step,165.52877740850676
5592,238,0,False,normal,
5593,270,0,False,normal,
5594,77,0,True,takeover_ramp,87.63696498999546
5595,2,0,True,takeover_ramp,95.8006784666841
5596,134,0,False,normal,
5597,239,0,False,normal,
5598,233,0,True,delay,149.85146211197676
5599,250,0,False,normal,
5600,150,0,False,normal,
5601,250,0,False,normal,
5602,154,0,False,normal,
5603,154,0,False,normal,
5604,239,0,False,normal,
5605,239,0,False,normal,
5606,154,0,False,normal,
5607,131,0,True,drift_ramp,182.0752846677721
5608,154,0,False,normal,
5609,118,0,False,normal,
5610,114,0,True,drift_ramp,23.262408845252608
5611,212,0,True,drift_sigmoid,79.90523467535208
5612,276,0,True,takeover_step,113.5829416248078
5613,131,0,True,drift_ramp,182.0752846677721
5614,165,0,True,drift_sigmoid,147.15736833345036
5615,131,0,True,drift_ramp,182.0752846677721
5616,179,0,True,takeover_step,122.10788111664908
5617,179,0,True,takeover_step,122.10788111664908
5618,169,0,True,takeover_ramp,97.420297603735
5619,170,0,False,normal,
5620,123,0,True,delay,158.26730028372296
5621,136,0,False,normal,
5622,192,0,True,drift_sigmoid,79.2016227542393
5623,239,0,False,normal,
5624,239,0,False,normal,
5625,166,0,False,normal,
5626,154,0,False,normal,
5627,170,0,False,normal,
5628,134,0,False,normal,
5629,179,0,True,takeover_step,122.10788111664908
5630,110,0,True,step,84.5364701054331
5631,76,0,True,step,165.52877740850676
5632,250,0,False,normal,
5633,179,0,True,takeover_step,122.10788111664908
5634,250,0,False,normal,
5635,110,0,True,step,84.5364701054331
5636,77,0,True,takeover_ramp,87.63696498999546
5637,238,0,False,normal,
5638,95,0,True,step,58.56240426323088
5639,108,1,True,step,75.3845071838438
5640,193,1,True,takeover_ramp,40.23553773066088
5641,197,0,True,drift_sigmoid,115.19058430867969
5642,131,0,True,drift_ramp,182.0752846677721
5643,243,0,True,step,127.99537316243467
5644,192,0,True,drift_sigmoid,79.2016227542393
5645,239,0,False,normal,
5646,76,0,True,step,165.52877740850676
5647,131,0,True,drift_ramp,182.0752846677721
5648,170,0,False,normal,
5649,154,0,False,normal,
5650,224,0,True,takeover_step,93.79210260555345
5651,214,0,False,normal,
5652,279,0,True,drift_ramp,90.42971961610978
5653,150,0,False,normal,
5654,179,0,True,takeover_step,122.10788111664908
5655,134,0,False,normal,
5656,77,0,True,takeover_ramp,87.63696498999546
5657,149,0,True,delay,147.69176370466812
5658,136,0,False,normal,
5659,110,0,True,step,84.5364701054331
5660,270,0,False,normal,
5661,212,0,True,drift_sigmoid,79.90523467535208
5662,254,0,True,drift_ramp,94.50622501263359
5663,154,0,False,normal,
5664,258,0,True,drift_sigmoid,128.36090134328924
5665,233,0,True,delay,149.85146211197676
5666,239,0,False,normal,
5667,170,0,False,normal,
5668,95,0,True,step,58.56240426323088
5669,149,0,True,delay,147.69176370466812
5670,243,0,True,step,127.99537316243467
5671,270,0,False,normal,
5672,18,0,False,normal,
5673,112,0,True,takeover_ramp,123.96392069259976
5674,123,0,True,delay,158.26730028372296
5675,258,0,True,drift_sigmoid,128.36090134328924
5676,192,0,True,drift_sigmoid,79.2016227542393
5677,238,0,False,normal,
5678,270,0,False,normal,
5679,165,0,True,drift_sigmoid,147.15736833345036
5680,238,0,False,normal,
5681,134,0,False,normal,
5682,270,0,False,normal,
5683,279,0,True,drift_ramp,90.42971961610978
5684,112,0,True,takeover_ramp,123.96392069259976
5685,270,0,False,normal,
5686,108,0,True,step,75.3845071838438
5687,270,0,False,normal,
5688,233,0,True,delay,149.85146211197676
5689,108,0,True,step,75.3845071838438
5690,238,0,False,normal,
5691,214,0,False,normal,
5692,136,0,False,normal,
5693,214,0,False,normal,
5694,233,0,True,delay,149.85146211197676
5695,197,0,True,drift_sigmoid,115.19058430867969
5696,238,0,False,normal,
5697,154,0,False,normal,
5698,170,0,False,normal,
5699,150,0,False,normal,
5700,118,0,False,normal,
5701,264,0,True,delay,123.68174203500719
5702,150,0,False,normal,
5703,108,0,True,step,75.3845071838438
5704,77,0,True,takeover_ramp,87.63696498999546
5705,123,0,True,delay,158.26730028372296
5706,154,0,False,normal,
5707,179,0,True,takeover_step,122.10788111664908
5708,238,0,False,normal,
5709,108,1,True,step,75.3845071838438
5710,165,0,True,drift_sigmoid,147.15736833345036
5711,149,0,True,delay,147.69176370466812
5712,214,0,False,normal,
5713,112,0,True,takeover_ramp,123.96392069259976
5714,117,0,True,delay,62.23656649358486
5715,224,0,True,takeover_step,93.79210260555345
5716,131,1,True,drift_ramp,182.0752846677721
5717,238,0,False,normal,
5718,264,0,True,delay,123.68174203500719
5719,170,0,False,normal,
5720,270,0,False,normal,
5721,276,0,True,takeover_step,113.5829416248078
5722,166,0,False,normal,
5723,166,0,False,normal,
5724,214,0,False,normal,
5725,136,0,False,normal,
5726,250,0,False,normal,
5727,170,0,False,normal,
5728,123,0,True,delay,158.26730028372296
5729,197,0,True,drift_sigmoid,115.19058430867969
5730,250,0,False,normal,
5731,118,0,False,normal,
5732,233,0,True,delay,149.85146211197676
5733,123,0,True,delay,158.26730028372296
5734,95,0,True,step,58.56240426323088
5735,243,0,True,step,127.99537316243467
5736,238,0,False,normal,
5737,233,0,True,delay,149.85146211197676
5738,150,0,False,normal,
5739,76,0,True,step,165.52877740850676
5740,118,0,False,normal,
5741,270,0,False,normal,
5742,276,0,True,takeover_step,113.5829416248078
5743,279,0,True,drift_ramp,90.42971961610978
5744,134,0,False,normal,
5745,110,0,True,step,84.5364701054331
5746,239,0,False,normal,
5747,162,0,True,takeover_step,14.91515823592874
5748,150,0,False,normal,
5749,170,0,False,normal,
5750,193,0,True,takeover_ramp,40.23553773066088
5751,110,0,True,step,84.5364701054331
5752,166,0,False,normal,
5753,258,0,True,drift_sigmoid,128.36090134328924
5754,238,0,False,normal,
5755,239,0,False,normal,
5756,150,0,False,normal,
5757,166,0,False,normal,
5758,233,0,True,delay,149.85146211197676
5759,117,0,True,delay,62.23656649358486
5760,165,0,True,drift_sigmoid,147.15736833345036
5761,279,0,True,drift_ramp,90.42971961610978
5762,270,0,False,normal,
5763,243,0,True,step,127.99537316243467
5764,76,0,True,step,165.52877740850676
5765,150,0,False,normal,
5766,134,0,False,normal,
5767,239,0,False,normal,
5768,76,0,True,step,165.52877740850676
5769,166,0,False,normal,
5770,149,0,True,delay,147.69176370466812
5771,250,0,False,normal,
5772,197,0,True,drift_sigmoid,115.19058430867969
5773,239,0,False,normal,
5774,118,0,False,normal,
5775,243,1,True,step,127.99537316243467
5776,149,0,True,delay,147.69176370466812
5777,250,0,False,normal,
5778,154,0,False,normal,
5779,276,0,True,takeover_step,113.5829416248078
5780,238,0,False,normal,
5781,18,0,False,normal,
5782,279,0,True,drift_ramp,90.42971961610978
5783,112,0,True,takeover_ramp,123.96392069259976
5784,243,0,True,step,127.99537316243467
5785,108,0,True,step,75.3845071838438
5786,166,0,False,normal,
5787,279,1,True,drift_ramp,90.42971961610978
5788,95,0,True,step,58.56240426323088
5789,136,0,False,normal,
5790,166,0,False,normal,
5791,117,1,True,delay,62.23656649358486
5792,276,0,True,takeover_step,113.5829416248078
5793,279,0,True,drift_ramp,90.42971961610978
5794,212,0,True,drift_sigmoid,79.90523467535208
5795,108,0,True,step,75.3845071838438
5796,212,0,True,drift_sigmoid,79.90523467535208
5797,258,0,True,drift_sigmoid,128.36090134328924
5798,169,0,True,takeover_ramp,97.420297603735
5799,136,0,False,normal,
5800,233,0,True,delay,149.85146211197676
5801,150,0,False,normal,
5802,150,0,False,normal,
5803,250,0,False,normal,
5804,169,0,True,takeover_ramp,97.420297603735
5805,197,0,True,drift_sigmoid,115.19058430867969
5806,243,0,True,step,127.99537316243467
5807,197,0,True,drift_sigmoid,115.19058430867969
5808,118,0,False,normal,
5809,136,0,False,normal,
5810,110,0,True,step,84.5364701054331
5811,108,0,True,step,75.3845071838438
5812,2,0,True,takeover_ramp,95.8006784666841
5813,118,0,False,normal,
5814,165,0,True,drift_sigmoid,147.15736833345036
5815,149,0,True,delay,147.69176370466812
5816,239,0,False,normal,
5817,170,0,False,normal,
5818,233,0,True,delay,149.85146211197676
5819,112,0,True,takeover_ramp,123.96392069259976
5820,264,0,True,delay,123.68174203500719
5821,192,0,True,drift_sigmoid,79.2016227542393
5822,184,0,True,drift_ramp,75.24008074312675
5823,264,0,True,delay,123.68174203500719
5824,212,0,True,drift_sigmoid,79.90523467535208
5825,250,0,False,normal,
5826,276,0,True,takeover_step,113.5829416248078
5827,18,0,False,normal,
5828,131,0,True,drift_ramp,182.0752846677721
5829,238,0,False,normal,
5830,264,0,True,delay,123.68174203500719
5831,169,0,True,takeover_ramp,97.420297603735
5832,76,0,True,step,165.52877740850676
5833,123,0,True,delay,158.26730028372296
5834,154,0,False,normal,
5835,150,0,False,normal,
5836,118,0,False,normal,
5837,239,0,False,normal,
5838,76,0,True,step,165.52877740850676
5839,270,0,False,normal,
5840,110,0,True,step,84.5364701054331
5841,250,0,False,normal,
5842,279,0,True,drift_ramp,90.42971961610978
5843,77,0,True,takeover_ramp,87.63696498999546
5844,197,0,True,drift_sigmoid,115.19058430867969
5845,279,1,True,drift_ramp,90.42971961610978
5846,95,1,True,step,58.56240426323088
5847,170,0,False,normal,
5848,264,0,True,delay,123.68174203500719
5849,233,0,True,delay,149.85146211197676
5850,150,0,False,normal,
5851,123,0,True,delay,158.26730028372296
5852,136,0,False,normal,
5853,112,0,True,takeover_ramp,123.96392069259976
5854,108,0,True,step,75.3845071838438
5855,154,0,False,normal,
5856,239,0,False,normal,
5857,150,0,False,normal,
5858,258,0,True,drift_sigmoid,128.36090134328924
5859,95,0,True,step,58.56240426323088
5860,279,0,True,drift_ramp,90.42971961610978
5861,192,0,True,drift_sigmoid,79.2016227542393
5862,258,0,True,drift_sigmoid,128.36090134328924
5863,165,0,True,drift_sigmoid,147.15736833345036
5864,179,0,True,takeover_step,122.10788111664908
5865,149,0,True,delay,147.69176370466812
5866,192,0,True,drift_sigmoid,79.2016227542393
5867,192,0,True,drift_sigmoid,79.2016227542393
5868,264,0,True,delay,123.68174203500719
5869,170,0,False,normal,
5870,250,0,False,normal,
5871,254,0,True,drift_ramp,94.50622501263359
5872,214,0,False,normal,
5873,224,0,True,takeover_step,93.79210260555345
5874,77,0,True,takeover_ramp,87.63696498999546
5875,18,0,False,normal,
5876,165,0,True,drift_sigmoid,147.15736833345036
5877,136,0,False,normal,
5878,170,0,False,normal,
5879,149,0,True,delay,147.69176370466812
5880,239,0,False,normal,
5881,254,0,True,drift_ramp,94.50622501263359
5882,197,0,True,drift_sigmoid,115.19058430867969
5883,134,0,False,normal,
5884,76,0,True,step,165.52877740850676
5885,150,0,False,normal,
5886,258,0,True,drift_sigmoid,128.36090134328924
5887,136,0,False,normal,
5888,108,0,True,step,75.3845071838438
5889,258,0,True,drift_sigmoid,128.36090134328924
5890,76,0,True,step,165.52877740850676
5891,166,0,False,normal,
5892,136,0,False,normal,
5893,193,1,True,takeover_ramp,40.23553773066088
5894,165,0,True,drift_sigmoid,147.15736833345036
5895,166,0,False,normal,
5896,118,0,False,normal,
5897,150,0,False,normal,
5898,250,0,False,normal,
5899,118,0,False,normal,
5900,250,0,False,normal,
5901,166,0,False,normal,
5902,254,0,True,drift_ramp,94.50622501263359
5903,77,0,True,takeover_ramp,87.63696498999546
5904,233,0,True,delay,149.85146211197676
5905,123,0,True,delay,158.26730028372296
5906,150,0,False,normal,
5907,108,0,True,step,75.3845071838438
5908,150,0,False,normal,
5909,166,0,False,normal,
5910,136,0,False,normal,
5911,166,0,False,normal,
5912,270,0,False,normal,
5913,131,0,True,drift_ramp,182.0752846677721
5914,2,0,True,takeover_ramp,95.8006784666841
5915,254,0,True,drift_ramp,94.50622501263359
5916,114,0,True,drift_ramp,23.262408845252608
5917,154,0,False,normal,
5918,214,0,False,normal,
5919,149,0,True,delay,147.69176370466812
5920,166,0,False,normal,
5921,2,1,True,takeover_ramp,95.8006784666841
5922,238,0,False,normal,
5923,166,0,False,normal,
5924,170,0,False,normal,
5925,166,0,False,normal,
5926,165,0,True,drift_sigmoid,147.15736833345036
5927,118,0,False,normal,
5928,254,0,True,drift_ramp,94.50622501263359
5929,123,0,True,delay,158.26730028372296
5930,166,0,False,normal,
5931,123,0,True,delay,158.26730028372296
5932,2,0,True,takeover_ramp,95.8006784666841
5933,238,0,False,normal,
5934,131,0,True,drift_ramp,182.0752846677721
5935,238,0,False,normal,
5936,224,0,True,takeover_step,93.79210260555345
5937,276,0,True,takeover_step,113.5829416248078
5938,118,0,False,normal,
5939,76,0,True,step,165.52877740850676
5940,112,0,True,takeover_ramp,123.96392069259976
5941,110,0,True,step,84.5364701054331
5942,95,0,True,step,58.56240426323088
5943,270,0,False,normal,
5944,149,0,True,delay,147.69176370466812
5945,154,0,False,normal,
5946,150,0,False,normal,
5947,239,0,False,normal,
5948,258,0,True,drift_sigmoid,128.36090134328924
5949,149,0,True,delay,147.69176370466812
5950,270,0,False,normal,
5951,270,0,False,normal,
5952,243,0,True,step,127.99537316243467
5953,224,1,True,takeover_step,93.79210260555345
5954,136,0,False,normal,
5955,170,0,False,normal,
5956,123,0,True,delay,158.26730028372296
5957,76,0,True,step,165.52877740850676
5958,270,0,False,normal,
5959,18,0,False,normal,
5960,136,0,False,normal,
5961,149,0,True,delay,147.69176370466812
5962,184,0,True,drift_ramp,75.24008074312675
5963,270,0,False,normal,
5964,154,0,False,normal,
5965,150,0,False,normal,
5966,76,0,True,step,165.52877740850676
5967,165,0,True,drift_sigmoid,147.15736833345036
5968,134,0,False,normal,
5969,270,0,False,normal,
5970,264,0,True,delay,123.68174203500719
5971,136,0,False,normal,
5972,149,0,True,delay,147.69176370466812
5973,169,0,True,takeover_ramp,97.420297603735
5974,170,0,False,normal,
5975,233,1,True,delay,149.85146211197676
5976,264,0,True,delay,123.68174203500719
5977,270,0,False,normal,
5978,136,0,False,normal,
5979,112,0,True,takeover_ramp,123.96392069259976
5980,131,0,True,drift_ramp,182.0752846677721
5981,214,0,False,normal,
5982,150,0,False,normal,
5983,276,0,True,takeover_step,113.5829416248078
5984,184,0,True,drift_ramp,75.24008074312675
5985,233,0,True,delay,149.85146211197676
5986,197,0,True,drift_sigmoid,115.19058430867969
5987,179,0,True,takeover_step,122.10788111664908
5988,233,0,True,delay,149.85146211197676
5989,264,0,True,delay,123.68174203500719
5990,197,0,True,drift_sigmoid,115.19058430867969
5991,166,0,False,normal,
5992,76,0,True,step,165.52877740850676
5993,238,0,False,normal,
5994,170,0,False,normal,
5995,258,0,True,drift_sigmoid,128.36090134328924
5996,118,0,False,normal,
5997,136,0,False,normal,
5998,258,0,True,drift_sigmoid,128.36090134328924
5999,118,0,False,normal,
6000,18,0,False,normal,
6001,276,0,True,takeover_step,113.5829416248078
6002,276,0,True,takeover_step,113.5829416248078
6003,149,0,True,delay,147.69176370466812
6004,110,0,True,step,84.5364701054331
6005,279,0,True,drift_ramp,90.42971961610978
6006,112,0,True,takeover_ramp,123.96392069259976
6007,239,0,False,normal,
6008,136,0,False,normal,
6009,169,0,True,takeover_ramp,97.420297603735
6010,123,0,True,delay,158.26730028372296
6011,2,0,True,takeover_ramp,95.8006784666841
6012,212,0,True,drift_sigmoid,79.90523467535208
6013,276,0,True,takeover_step,113.5829416248078
6014,276,0,True,takeover_step,113.5829416248078
6015,165,1,True,drift_sigmoid,147.15736833345036
6016,77,0,True,takeover_ramp,87.63696498999546
6017,238,0,False,normal,
6018,258,0,True,drift_sigmoid,128.36090134328924
6019,239,0,False,normal,
6020,258,0,True,drift_sigmoid,128.36090134328924
6021,197,0,True,drift_sigmoid,115.19058430867969
6022,117,0,True,delay,62.23656649358486
6023,238,0,False,normal,
6024,184,0,True,drift_ramp,75.24008074312675
6025,233,0,True,delay,149.85146211197676
6026,149,0,True,delay,147.69176370466812
6027,197,0,True,drift_sigmoid,115.19058430867969
6028,264,0,True,delay,123.68174203500719
6029,270,0,False,normal,
6030,233,0,True,delay,149.85146211197676
6031,192,0,True,drift_sigmoid,79.2016227542393
6032,239,0,False,normal,
6033,149,0,True,delay,147.69176370466812
6034,279,1,True,drift_ramp,90.42971961610978
6035,2,0,True,takeover_ramp,95.8006784666841
6036,179,0,True,takeover_step,122.10788111664908
6037,184,0,True,drift_ramp,75.24008074312675
6038,150,0,False,normal,
6039,258,0,True,drift_sigmoid,128.36090134328924
6040,184,0,True,drift_ramp,75.24008074312675
6041,270,0,False,normal,
6042,239,0,False,normal,
6043,108,0,True,step,75.3845071838438
6044,131,0,True,drift_ramp,182.0752846677721
6045,18,0,False,normal,
6046,233,0,True,delay,149.85146211197676
6047,134,0,False,normal,
6048,264,0,True,delay,123.68174203500719
6049,166,0,False,normal,
6050,154,0,False,normal,
6051,165,0,True,drift_sigmoid,147.15736833345036
6052,254,0,True,drift_ramp,94.50622501263359
6053,239,0,False,normal,
6054,136,0,False,normal,
6055,243,0,True,step,127.99537316243467
6056,197,0,True,drift_sigmoid,115.19058430867969
6057,166,0,False,normal,
6058,170,0,False,normal,
6059,254,1,True,drift_ramp,94.50622501263359
6060,166,0,False,normal,
6061,134,0,False,normal,
6062,134,0,False,normal,
6063,166,0,False,normal,
6064,238,0,False,normal,
6065,123,0,True,delay,158.26730028372296
6066,264,0,True,delay,123.68174203500719
6067,150,0,False,normal,
6068,162,1,True,takeover_step,14.91515823592874
6069,154,0,False,normal,
6070,258,0,True,drift_sigmoid,128.36090134328924
6071,214,0,False,normal,
6072,18,0,False,normal,
6073,214,0,False,normal,
6074,76,0,True,step,165.52877740850676
6075,193,0,True,takeover_ramp,40.23553773066088
6076,224,0,True,takeover_step,93.79210260555345
6077,270,0,False,normal,
6078,270,0,False,normal,
6079,154,0,False,normal,
6080,76,0,True,step,165.52877740850676
6081,18,0,False,normal,
6082,212,0,True,drift_sigmoid,79.90523467535208
6083,76,0,True,step,165.52877740850676
6084,169,0,True,takeover_ramp,97.420297603735
6085,270,0,False,normal,
6086,270,0,False,normal,
6087,238,0,False,normal,
6088,250,0,False,normal,
6089,118,0,False,normal,
6090,270,0,False,normal,
6091,166,0,False,normal,
6092,149,0,True,delay,147.69176370466812
6093,169,0,True,takeover_ramp,97.420297603735
6094,118,0,False,normal,
6095,165,0,True,drift_sigmoid,147.15736833345036
6096,239,0,False,normal,
6097,136,0,False,normal,
6098,264,0,True,delay,123.68174203500719
6099,150,0,False,normal,
6100,276,0,True,takeover_step,113.5829416248078
6101,279,1,True,drift_ramp,90.42971961610978
6102,134,0,False,normal,
6103,149,0,True,delay,147.69176370466812
6104,136,0,False,normal,
6105,76,0,True,step,165.52877740850676
6106,149,0,True,delay,147.69176370466812
6107,264,0,True,delay,123.68174203500719
6108,110,0,True,step,84.5364701054331
6109,2,1,True,takeover_ramp,95.8006784666841
6110,112,0,True,takeover_ramp,123.96392069259976
6111,270,0,False,normal,
6112,150,0,False,normal,
6113,197,0,True,drift_sigmoid,115.19058430867969
6114,112,0,True,takeover_ramp,123.96392069259976
6115,214,0,False,normal,
6116,118,0,False,normal,
6117,170,0,False,normal,
6118,76,0,True,step,165.52877740850676
6119,149,0,True,delay,147.69176370466812
6120,250,0,False,normal,
6121,239,0,False,normal,
6122,243,0,True,step,127.99537316243467
6123,170,0,False,normal,
6124,270,0,False,normal,
6125,165,0,True,drift_sigmoid,147.15736833345036
6126,258,0,True,drift_sigmoid,128.36090134328924
6127,2,0,True,takeover_ramp,95.8006784666841
6128,243,0,True,step,127.99537316243467
6129,166,0,False,normal,
6130,224,0,True,takeover_step,93.79210260555345
6131,136,0,False,normal,
6132,134,0,False,normal,
6133,166,0,False,normal,
6134,134,0,False,normal,
6135,76,1,True,step,165.52877740850676
6136,238,0,False,normal,
6137,258,0,True,drift_sigmoid,128.36090134328924
6138,233,0,True,delay,149.85146211197676
6139,77,0,True,takeover_ramp,87.63696498999546
6140,243,0,True,step,127.99537316243467
6141,279,0,True,drift_ramp,90.42971961610978
6142,2,0,True,takeover_ramp,95.8006784666841
6143,131,0,True,drift_ramp,182.0752846677721
6144,264,0,True,delay,123.68174203500719
6145,131,0,True,drift_ramp,182.0752846677721
6146,76,0,True,step,165.52877740850676
6147,95,0,True,step,58.56240426323088
6148,233,0,True,delay,149.85146211197676
6149,239,0,False,normal,
6150,118,0,False,normal,
6151,110,1,True,step,84.5364701054331
6152,243,0,True,step,127.99537316243467
6153,150,0,False,normal,
6154,233,0,True,delay,149.85146211197676
6155,154,0,False,normal,
6156,77,0,True,takeover_ramp,87.63696498999546
6157,165,0,True,drift_sigmoid,147.15736833345036
6158,131,0,True,drift_ramp,182.0752846677721
6159,279,0,True,drift_ramp,90.42971961610978
6160,233,0,True,delay,149.85146211197676
6161,276,0,True,takeover_step,113.5829416248078
6162,184,1,True,drift_ramp,75.24008074312675
6163,193,0,True,takeover_ramp,40.23553773066088
6164,238,0,False,normal,
6165,169,0,True,takeover_ramp,97.420297603735
6166,270,0,False,normal,
6167,136,0,False,normal,
6168,123,1,True,delay,158.26730028372296
6169,117,0,True,delay,62.23656649358486
6170,239,0,False,normal,
6171,243,0,True,step,127.99537316243467
6172,264,0,True,delay,123.68174203500719
6173,136,0,False,normal,
6174,76,0,True,step,165.52877740850676
6175,131,0,True,drift_ramp,182.0752846677721
6176,76,0,True,step,165.52877740850676
6177,238,0,False,normal,
6178,197,0,True,drift_sigmoid,115.19058430867969
6179,166,0,False,normal,
6180,18,0,False,normal,
6181,150,0,False,normal,
6182,165,0,True,drift_sigmoid,147.15736833345036
6183,214,0,False,normal,
6184,123,0,True,delay,158.26730028372296
6185,279,0,True,drift_ramp,90.42971961610978
6186,149,0,True,delay,147.69176370466812
6187,123,0,True,delay,158.26730028372296
6188,150,0,False,normal,
6189,150,0,False,normal,
6190,179,0,True,takeover_step,122.10788111664908
6191,239,0,False,normal,
6192,2,0,True,takeover_ramp,95.8006784666841
6193,197,0,True,drift_sigmoid,115.19058430867969
6194,136,0,False,normal,
6195,18,0,False,normal,
6196,18,0,False,normal,
6197,76,0,True,step,165.52877740850676
6198,250,0,False,normal,
6199,170,0,False,normal,
6200,76,0,True,step,165.52877740850676
6201,123,0,True,delay,158.26730028372296
6202,108,0,True,step,75.3845071838438
6203,270,0,False,normal,
6204,131,0,True,drift_ramp,182.0752846677721
6205,270,0,False,normal,
6206,169,0,True,takeover_ramp,97.420297603735
6207,136,0,False,normal,
6208,238,0,False,normal,
6209,193,0,True,takeover_ramp,40.23553773066088
6210,149,0,True,delay,147.69176370466812
6211,118,0,False,normal,
6212,117,0,True,delay,62.23656649358486
6213,270,0,False,normal,
6214,118,0,False,normal,
6215,117,0,True,delay,62.23656649358486
6216,270,0,False,normal,
6217,197,0,True,drift_sigmoid,115.19058430867969
6218,118,0,False,normal,
6219,276,0,True,takeover_step,113.5829416248078
6220,112,0,True,takeover_ramp,123.96392069259976
6221,117,0,True,delay,62.23656649358486
6222,170,0,False,normal,
6223,154,0,False,normal,
6224,233,0,True,delay,149.85146211197676
6225,108,1,True,step,75.3845071838438
6226,134,0,False,normal,
6227,224,0,True,takeover_step,93.79210260555345
6228,233,0,True,delay,149.85146211197676
6229,134,0,False,normal,
6230,184,0,True,drift_ramp,75.24008074312675
6231,239,0,False,normal,
6232,254,0,True,drift_ramp,94.50622501263359
6233,150,0,False,normal,
6234,239,0,False,normal,
6235,238,0,False,normal,
6236,238,0,False,normal,
6237,239,0,False,normal,
6238,239,0,False,normal,
6239,112,0,True,takeover_ramp,123.96392069259976
6240,179,1,True,takeover_step,122.10788111664908
6241,150,0,False,normal,
6242,264,0,True,delay,123.68174203500719
6243,131,0,True,drift_ramp,182.0752846677721
6244,169,0,True,takeover_ramp,97.420297603735
6245,239,0,False,normal,
6246,134,0,False,normal,
6247,179,0,True,takeover_step,122.10788111664908
6248,270,0,False,normal,
6249,270,0,False,normal,
6250,136,0,False,normal,
6251,179,0,True,takeover_step,122.10788111664908
6252,170,0,False,normal,
6253,77,0,True,takeover_ramp,87.63696498999546
6254,238,0,False,normal,
6255,150,0,False,normal,
6256,110,1,True,step,84.5364701054331
6257,136,0,False,normal,
6258,169,0,True,takeover_ramp,97.420297603735
6259,214,0,False,normal,
6260,165,0,True,drift_sigmoid,147.15736833345036
6261,197,0,True,drift_sigmoid,115.19058430867969
6262,239,0,False,normal,
6263,117,0,True,delay,62.23656649358486
6264,123,0,True,delay,158.26730028372296
6265,264,0,True,delay,123.68174203500719
6266,214,0,False,normal,
6267,279,0,True,drift_ramp,90.42971961610978
6268,123,0,True,delay,158.26730028372296
6269,18,0,False,normal,
6270,233,0,True,delay,149.85146211197676
6271,149,0,True,delay,147.69176370466812
6272,238,0,False,normal,
6273,221,1,True,takeover_step,10.536360647437668
6274,214,0,False,normal,
6275,131,0,True,drift_ramp,182.0752846677721
6276,154,0,False,normal,
6277,166,0,False,normal,
6278,131,0,True,drift_ramp,182.0752846677721
6279,114,1,True,drift_ramp,23.262408845252608
6280,77,0,True,takeover_ramp,87.63696498999546
6281,238,0,False,normal,
6282,110,0,True,step,84.5364701054331
6283,197,0,True,drift_sigmoid,115.19058430867969
6284,150,0,False,normal,
6285,239,0,False,normal,
6286,2,0,True,takeover_ramp,95.8006784666841
6287,254,0,True,drift_ramp,94.50622501263359
6288,179,0,True,takeover_step,122.10788111664908
6289,136,0,False,normal,
6290,76,0,True,step,165.52877740850676
6291,150,0,False,normal,
6292,123,0,True,delay,158.26730028372296
6293,112,0,True,takeover_ramp,123.96392069259976
6294,264,0,True,delay,123.68174203500719
6295,76,0,True,step,165.52877740850676
6296,150,0,False,normal,
6297,214,0,False,normal,
6298,224,0,True,takeover_step,93.79210260555345
6299,254,0,True,drift_ramp,94.50622501263359
6300,112,0,True,takeover_ramp,123.96392069259976
6301,149,0,True,delay,147.69176370466812
6302,110,0,True,step,84.5364701054331
6303,197,0,True,drift_sigmoid,115.19058430867969
6304,134,0,False,normal,
6305,136,0,False,normal,
6306,276,0,True,takeover_step,113.5829416248078
6307,184,0,True,drift_ramp,75.24008074312675
6308,239,0,False,normal,
6309,224,0,True,takeover_step,93.79210260555345
6310,214,0,False,normal,
6311,212,0,True,drift_sigmoid,79.90523467535208
6312,184,0,True,drift_ramp,75.24008074312675
6313,170,0,False,normal,
6314,114,0,True,drift_ramp,23.262408845252608
6315,123,0,True,delay,158.26730028372296
6316,238,0,False,normal,
6317,150,0,False,normal,
6318,239,0,False,normal,
6319,136,0,False,normal,
6320,166,0,False,normal,
6321,214,0,False,normal,
6322,197,0,True,drift_sigmoid,115.19058430867969
6323,134,0,False,normal,
6324,233,0,True,delay,149.85146211197676
6325,149,0,True,delay,147.69176370466812
6326,254,0,True,drift_ramp,94.50622501263359
6327,118,0,False,normal,
6328,214,0,False,normal,
6329,192,0,True,drift_sigmoid,79.2016227542393
6330,165,0,True,drift_sigmoid,147.15736833345036
6331,250,0,False,normal,
6332,270,0,False,normal,
6333,179,0,True,takeover_step,122.10788111664908
6334,258,0,True,drift_sigmoid,128.36090134328924
6335,149,0,True,delay,147.69176370466812
6336,243,0,True,step,127.99537316243467
6337,239,0,False,normal,
6338,224,1,True,takeover_step,93.79210260555345
6339,250,0,False,normal,
6340,258,0,True,drift_sigmoid,128.36090134328924
6341,224,0,True,takeover_step,93.79210260555345
6342,136,0,False,normal,
6343,166,0,False,normal,
6344,165,0,True,drift_sigmoid,147.15736833345036
6345,243,0,True,step,127.99537316243467
6346,170,0,False,normal,
6347,250,0,False,normal,
6348,197,0,True,drift_sigmoid,115.19058430867969
6349,239,0,False,normal,
6350,166,0,False,normal,
6351,270,0,False,normal,
6352,270,0,False,normal,
6353,117,0,True,delay,62.23656649358486
6354,239,0,False,normal,
6355,239,0,False,normal,
6356,18,0,False,normal,
6357,270,0,False,normal,
6358,254,0,True,drift_ramp,94.50622501263359
6359,2,1,True,takeover_ramp,95.8006784666841
6360,243,0,True,step,127.99537316243467
6361,239,0,False,normal,
6362,258,0,True,drift_sigmoid,128.36090134328924
6363,118,0,False,normal,
6364,214,0,False,normal,
6365,197,0,True,drift_sigmoid,115.19058430867969
6366,149,0,True,delay,147.69176370466812
6367,250,0,False,normal,
6368,224,0,True,takeover_step,93.79210260555345
6369,250,0,False,normal,
6370,264,1,True,delay,123.68174203500719
6371,166,0,False,normal,
6372,258,0,True,drift_sigmoid,128.36090134328924
6373,118,0,False,normal,
6374,192,0,True,drift_sigmoid,79.2016227542393
6375,136,0,False,normal,
6376,169,0,True,takeover_ramp,97.420297603735
6377,238,0,False,normal,
6378,264,0,True,delay,123.68174203500719
6379,264,0,True,delay,123.68174203500719
6380,276,0,True,takeover_step,113.5829416248078
6381,179,0,True,takeover_step,122.10788111664908
6382,118,0,False,normal,
6383,258,0,True,drift_sigmoid,128.36090134328924
6384,224,0,True,takeover_step,93.79210260555345
6385,117,1,True,delay,62.23656649358486
6386,166,0,False,normal,
6387,170,0,False,normal,
6388,112,1,True,takeover_ramp,123.96392069259976
6389,239,0,False,normal,
6390,154,0,False,normal,
6391,95,0,True,step,58.56240426323088
6392,258,0,True,drift_sigmoid,128.36090134328924
6393,250,0,False,normal,
6394,149,0,True,delay,147.69176370466812
6395,18,0,False,normal,
6396,154,0,False,normal,
6397,150,0,False,normal,
6398,118,0,False,normal,
6399,179,1,True,takeover_step,122.10788111664908
6400,131,0,True,drift_ramp,182.0752846677721
6401,136,0,False,normal,
6402,154,0,False,normal,
6403,238,0,False,normal,
6404,76,1,True,step,165.52877740850676
6405,212,0,True,drift_sigmoid,79.90523467535208
6406,212,0,True,drift_sigmoid,79.90523467535208
6407,238,0,False,normal,
6408,165,0,True,drift_sigmoid,147.15736833345036
6409,214,0,False,normal,
6410,154,0,False,normal,
6411,169,0,True,takeover_ramp,97.420297603735
6412,212,0,True,drift_sigmoid,79.90523467535208
6413,18,0,False,normal,
6414,165,0,True,drift_sigmoid,147.15736833345036
6415,276,0,True,takeover_step,113.5829416248078
6416,233,0,True,delay,149.85146211197676
6417,179,0,True,takeover_step,122.10788111664908
6418,197,0,True,drift_sigmoid,115.19058430867969
6419,270,0,False,normal,
6420,154,0,False,normal,
6421,118,0,False,normal,
6422,154,0,False,normal,
6423,136,0,False,normal,
6424,18,0,False,normal,
6425,169,0,True,takeover_ramp,97.420297603735
6426,118,0,False,normal,
6427,233,0,True,delay,149.85146211197676
6428,166,0,False,normal,
6429,150,0,False,normal,
6430,76,0,True,step,165.52877740850676
6431,239,0,False,normal,
6432,123,0,True,delay,158.26730028372296
6433,212,0,True,drift_sigmoid,79.90523467535208
6434,108,0,True,step,75.3845071838438
6435,18,0,False,normal,
6436,165,0,True,drift_sigmoid,147.15736833345036
6437,264,0,True,delay,123.68174203500719
6438,118,0,False,normal,
6439,134,0,False,normal,
6440,136,0,False,normal,
6441,238,0,False,normal,
6442,108,0,True,step,75.3845071838438
6443,233,0,True,delay,149.85146211197676
6444,170,0,False,normal,
6445,150,0,False,normal,
6446,165,0,True,drift_sigmoid,147.15736833345036
6447,250,0,False,normal,
6448,224,0,True,takeover_step,93.79210260555345
6449,214,0,False,normal,
6450,214,0,False,normal,
6451,114,0,True,drift_ramp,23.262408845252608
6452,123,0,True,delay,158.26730028372296
6453,150,0,False,normal,
6454,184,0,True,drift_ramp,75.24008074312675
6455,136,0,False,normal,
6456,166,0,False,normal,
6457,123,0,True,delay,158.26730028372296
6458,193,1,True,takeover_ramp,40.23553773066088
6459,233,0,True,delay,149.85146211197676
6460,18,0,False,normal,
6461,250,0,False,normal,
6462,112,0,True,takeover_ramp,123.96392069259976
6463,118,0,False,normal,
6464,279,0,True,drift_ramp,90.42971961610978
6465,264,0,True,delay,123.68174203500719
6466,118,0,False,normal,
6467,170,0,False,normal,
6468,184,0,True,drift_ramp,75.24008074312675
6469,192,0,True,drift_sigmoid,79.2016227542393
6470,134,0,False,normal,
6471,134,0,False,normal,
6472,279,1,True,drift_ramp,90.42971961610978
6473,123,0,True,delay,158.26730028372296
6474,110,0,True,step,84.5364701054331
6475,76,0,True,step,165.52877740850676
6476,165,0,True,drift_sigmoid,147.15736833345036
6477,118,0,False,normal,
6478,134,0,False,normal,
6479,117,0,True,delay,62.23656649358486
6480,117,0,True,delay,62.23656649358486
6481,193,0,True,takeover_ramp,40.23553773066088
6482,214,0,False,normal,
6483,238,0,False,normal,
6484,131,0,True,drift_ramp,182.0752846677721
6485,136,0,False,normal,
6486,76,0,True,step,165.52877740850676
6487,224,0,True,takeover_step,93.79210260555345
6488,166,0,False,normal,
6489,166,0,False,normal,
6490,264,0,True,delay,123.68174203500719
6491,118,0,False,normal,
6492,18,0,False,normal,
6493,76,1,True,step,165.52877740850676
6494,239,0,False,normal,
6495,18,0,False,normal,
6496,108,0,True,step,75.3845071838438
6497,154,0,False,normal,
6498,131,0,True,drift_ramp,182.0752846677721
6499,166,0,False,normal,
6500,170,0,False,normal,
6501,184,0,True,drift_ramp,75.24008074312675
6502,238,0,False,normal,
6503,233,0,True,delay,149.85146211197676
6504,136,0,False,normal,
6505,110,0,True,step,84.5364701054331
6506,170,0,False,normal,
6507,149,0,True,delay,147.69176370466812
6508,123,0,True,delay,158.26730028372296
6509,238,0,False,normal,
6510,250,0,False,normal,
6511,150,0,False,normal,
6512,150,0,False,normal,
6513,150,0,False,normal,
6514,243,0,True,step,127.99537316243467
6515,131,1,True,drift_ramp,182.0752846677721
6516,238,0,False,normal,
6517,239,0,False,normal,
6518,170,0,False,normal,
6519,150,0,False,normal,
6520,136,0,False,normal,
6521,150,0,False,normal,
6522,270,0,False,normal,
6523,166,0,False,normal,
6524,169,0,True,takeover_ramp,97.420297603735
6525,108,0,True,step,75.3845071838438
6526,18,0,False,normal,
6527,193,0,True,takeover_ramp,40.23553773066088
6528,258,0,True,drift_sigmoid,128.36090134328924
6529,212,0,True,drift_sigmoid,79.90523467535208
6530,254,0,True,drift_ramp,94.50622501263359
6531,165,0,True,drift_sigmoid,147.15736833345036
6532,123,0,True,delay,158.26730028372296
6533,179,0,True,takeover_step,122.10788111664908
6534,270,0,False,normal,
6535,2,0,True,takeover_ramp,95.8006784666841
6536,131,0,True,drift_ramp,182.0752846677721
6537,149,0,True,delay,147.69176370466812
6538,2,0,True,takeover_ramp,95.8006784666841
6539,192,0,True,drift_sigmoid,79.2016227542393
6540,238,0,False,normal,
6541,136,0,False,normal,
6542,166,0,False,normal,
6543,166,0,False,normal,
6544,170,0,False,normal,
6545,250,0,False,normal,
6546,166,0,False,normal,
6547,212,0,True,drift_sigmoid,79.90523467535208
6548,76,1,True,step,165.52877740850676
6549,239,0,False,normal,
6550,112,0,True,takeover_ramp,123.96392069259976
6551,233,0,True,delay,149.85146211197676
6552,149,0,True,delay,147.69176370466812
6553,166,0,False,normal,
6554,2,0,True,takeover_ramp,95.8006784666841
6555,123,0,True,delay,158.26730028372296
6556,165,0,True,drift_sigmoid,147.15736833345036
6557,250,0,False,normal,
6558,131,0,True,drift_ramp,182.0752846677721
6559,165,0,True,drift_sigmoid,147.15736833345036
6560,150,0,False,normal,
6561,197,0,True,drift_sigmoid,115.19058430867969
6562,239,0,False,normal,
6563,179,0,True,takeover_step,122.10788111664908
6564,154,0,False,normal,
6565,233,0,True,delay,149.85146211197676
6566,179,0,True,takeover_step,122.10788111664908
6567,131,0,True,drift_ramp,182.0752846677721
6568,250,0,False,normal,
6569,18,0,False,normal,
6570,243,0,True,step,127.99537316243467
6571,18,0,False,normal,
6572,239,0,False,normal,
6573,192,0,True,drift_sigmoid,79.2016227542393
6574,165,0,True,drift_sigmoid,147.15736833345036
6575,154,0,False,normal,
6576,250,0,False,normal,
6577,243,0,True,step,127.99537316243467
6578,270,0,False,normal,
6579,149,0,True,delay,147.69176370466812
6580,279,0,True,drift_ramp,90.42971961610978
6581,276,0,True,takeover_step,113.5829416248078
6582,117,0,True,delay,62.23656649358486
6583,239,0,False,normal,
6584,270,0,False,normal,
6585,170,0,False,normal,
6586,77,0,True,takeover_ramp,87.63696498999546
6587,214,0,False,normal,
6588,192,0,True,drift_sigmoid,79.2016227542393
6589,2,0,True,takeover_ramp,95.8006784666841
6590,270,0,False,normal,
6591,76,0,True,step,165.52877740850676
6592,150,0,False,normal,
6593,2,0,True,takeover_ramp,95.8006784666841
6594,165,0,True,drift_sigmoid,147.15736833345036
6595,136,0,False,normal,
6596,2,0,True,takeover_ramp,95.8006784666841
6597,270,0,False,normal,
6598,154,0,False,normal,
6599,179,0,True,takeover_step,122.10788111664908
6600,149,0,True,delay,147.69176370466812
6601,279,0,True,drift_ramp,90.42971961610978
6602,254,0,True,drift_ramp,94.50622501263359
6603,233,0,True,delay,149.85146211197676
6604,258,0,True,drift_sigmoid,128.36090134328924
6605,250,0,False,normal,
6606,179,0,True,takeover_step,122.10788111664908
6607,165,0,True,drift_sigmoid,147.15736833345036
6608,118,0,False,normal,
6609,250,0,False,normal,
6610,270,0,False,normal,
6611,179,0,True,takeover_step,122.10788111664908
6612,2,0,True,takeover_ramp,95.8006784666841
6613,250,0,False,normal,
6614,212,0,True,drift_sigmoid,79.90523467535208
6615,166,0,False,normal,
6616,166,0,False,normal,
6617,150,0,False,normal,
6618,276,0,True,takeover_step,113.5829416248078
6619,76,0,True,step,165.52877740850676
6620,184,0,True,drift_ramp,75.24008074312675
6621,154,0,False,normal,
6622,118,0,False,normal,
6623,170,0,False,normal,
6624,192,0,True,drift_sigmoid,79.2016227542393
6625,154,0,False,normal,
6626,149,0,True,delay,147.69176370466812
6627,118,0,False,normal,
6628,76,1,True,step,165.52877740850676
6629,95,0,True,step,58.56240426323088
6630,150,0,False,normal,
6631,134,0,False,normal,
6632,212,0,True,drift_sigmoid,79.90523467535208
6633,197,0,True,drift_sigmoid,115.19058430867969
6634,214,0,False,normal,
6635,270,0,False,normal,
6636,264,0,True,delay,123.68174203500719
6637,131,0,True,drift_ramp,182.0752846677721
6638,258,0,True,drift_sigmoid,128.36090134328924
6639,76,0,True,step,165.52877740850676
6640,112,0,True,takeover_ramp,123.96392069259976
6641,136,0,False,normal,
6642,170,0,False,normal,
6643,134,0,False,normal,
6644,149,0,True,delay,147.69176370466812
6645,258,0,True,drift_sigmoid,128.36090134328924
6646,76,0,True,step,165.52877740850676
6647,233,0,True,delay,149.85146211197676
6648,150,0,False,normal,
6649,214,0,False,normal,
6650,224,0,True,takeover_step,93.79210260555345
6651,239,0,False,normal,
6652,150,0,False,normal,
6653,131,0,True,drift_ramp,182.0752846677721
6654,279,0,True,drift_ramp,90.42971961610978
6655,136,0,False,normal,
6656,239,0,False,normal,
6657,112,0,True,takeover_ramp,123.96392069259976
6658,131,0,True,drift_ramp,182.0752846677721
6659,250,0,False,normal,
6660,184,0,True,drift_ramp,75.24008074312675
6661,110,0,True,step,84.5364701054331
6662,169,0,True,takeover_ramp,97.420297603735
6663,197,0,True,drift_sigmoid,115.19058430867969
6664,238,0,False,normal,
6665,169,0,True,takeover_ramp,97.420297603735
6666,239,0,False,normal,
6667,250,0,False,normal,
6668,224,1,True,takeover_step,93.79210260555345
6669,250,0,False,normal,
6670,134,0,False,normal,
6671,154,0,False,normal,
6672,264,0,True,delay,123.68174203500719
6673,110,0,True,step,84.5364701054331
6674,154,0,False,normal,
6675,76,0,True,step,165.52877740850676
6676,131,0,True,drift_ramp,182.0752846677721
6677,233,0,True,delay,149.85146211197676
6678,114,1,True,drift_ramp,23.262408845252608
6679,214,0,False,normal,
6680,193,0,True,takeover_ramp,40.23553773066088
6681,150,0,False,normal,
6682,170,0,False,normal,
6683,169,0,True,takeover_ramp,97.420297603735
6684,166,0,False,normal,
6685,169,0,True,takeover_ramp,97.420297603735
6686,279,0,True,drift_ramp,90.42971961610978
6687,76,0,True,step,165.52877740850676
6688,136,0,False,normal,
6689,276,0,True,takeover_step,113.5829416248078
6690,170,0,False,normal,
6691,170,0,False,normal,
6692,197,0,True,drift_sigmoid,115.19058430867969
6693,149,0,True,delay,147.69176370466812
6694,76,0,True,step,165.52877740850676
6695,169,0,True,takeover_ramp,97.420297603735
6696,134,0,False,normal,
6697,239,0,False,normal,
6698,270,0,False,normal,
6699,76,0,True,step,165.52877740850676
6700,165,0,True,drift_sigmoid,147.15736833345036
6701,279,0,True,drift_ramp,90.42971961610978
6702,150,0,False,normal,
6703,179,0,True,takeover_step,122.10788111664908
6704,279,0,True,drift_ramp,90.42971961610978
6705,118,0,False,normal,
6706,170,0,False,normal,
6707,197,0,True,drift_sigmoid,115.19058430867969
6708,150,0,False,normal,
6709,149,0,True,delay,147.69176370466812
6710,150,0,False,normal,
6711,243,0,True,step,127.99537316243467
6712,108,0,True,step,75.3845071838438
6713,136,0,False,normal,
6714,166,0,False,normal,
6715,136,0,False,normal,
6716,233,0,True,delay,149.85146211197676
6717,250,0,False,normal,
6718,134,0,False,normal,
6719,243,0,True,step,127.99537316243467
6720,134,0,False,normal,
6721,165,0,True,drift_sigmoid,147.15736833345036
6722,179,0,True,takeover_step,122.10788111664908
6723,166,0,False,normal,
6724,118,0,False,normal,
6725,166,0,False,normal,
6726,258,0,True,drift_sigmoid,128.36090134328924
6727,136,0,False,normal,
6728,184,0,True,drift_ramp,75.24008074312675
6729,154,0,False,normal,
6730,221,1,True,takeover_step,10.536360647437668
6731,258,0,True,drift_sigmoid,128.36090134328924
6732,250,0,False,normal,
6733,150,0,False,normal,
6734,169,0,True,takeover_ramp,97.420297603735
6735,166,0,False,normal,
6736,192,0,True,drift_sigmoid,79.2016227542393
6737,270,0,False,normal,
6738,238,0,False,normal,
6739,243,0,True,step,127.99537316243467
6740,212,0,True,drift_sigmoid,79.90523467535208
6741,131,0,True,drift_ramp,182.0752846677721
6742,166,0,False,normal,
6743,136,0,False,normal,
6744,264,1,True,delay,123.68174203500719
6745,276,0,True,takeover_step,113.5829416248078
6746,154,0,False,normal,
6747,18,0,False,normal,
6748,238,0,False,normal,
6749,95,0,True,step,58.56240426323088
6750,270,0,False,normal,
6751,150,0,False,normal,
6752,2,0,True,takeover_ramp,95.8006784666841
6753,250,0,False,normal,
6754,214,0,False,normal,
6755,114,0,True,drift_ramp,23.262408845252608
6756,166,0,False,normal,
6757,258,0,True,drift_sigmoid,128.36090134328924
6758,166,0,False,normal,
6759,77,0,True,takeover_ramp,87.63696498999546
6760,95,0,True,step,58.56240426323088
6761,270,0,False,normal,
6762,112,0,True,takeover_ramp,123.96392069259976
6763,239,0,False,normal,
6764,258,0,True,drift_sigmoid,128.36090134328924
6765,131,0,True,drift_ramp,182.0752846677721
6766,95,0,True,step,58.56240426323088
6767,95,0,True,step,58.56240426323088
6768,264,0,True,delay,123.68174203500719
6769,254,0,True,drift_ramp,94.50622501263359
6770,279,0,True,drift_ramp,90.42971961610978
6771,243,0,True,step,127.99537316243467
6772,18,0,False,normal,
6773,238,0,False,normal,
6774,239,0,False,normal,
6775,136,0,False,normal,
6776,250,0,False,normal,
6777,149,0,True,delay,147.69176370466812
6778,270,0,False,normal,
6779,112,0,True,takeover_ramp,123.96392069259976
6780,123,0,True,delay,158.26730028372296
6781,214,0,False,normal,
6782,264,0,True,delay,123.68174203500719
6783,169,0,True,takeover_ramp,97.420297603735
6784,118,0,False,normal,
6785,166,0,False,normal,
6786,243,0,True,step,127.99537316243467
6787,233,0,True,delay,149.85146211197676
6788,118,0,False,normal,
6789,254,0,True,drift_ramp,94.50622501263359
6790,136,0,False,normal,
6791,264,0,True,delay,123.68174203500719
6792,170,0,False,normal,
6793,162,0,True,takeover_step,14.91515823592874
6794,76,0,True,step,165.52877740850676
6795,165,0,True,drift_sigmoid,147.15736833345036
6796,18,0,False,normal,
6797,166,0,False,normal,
6798,136,0,False,normal,
6799,110,0,True,step,84.5364701054331
6800,239,0,False,normal,
6801,233,0,True,delay,149.85146211197676
6802,254,0,True,drift_ramp,94.50622501263359
6803,123,0,True,delay,158.26730028372296
6804,165,0,True,drift_sigmoid,147.15736833345036
6805,131,0,True,drift_ramp,182.0752846677721
6806,136,0,False,normal,
6807,258,0,True,drift_sigmoid,128.36090134328924
6808,270,0,False,normal,
6809,149,0,True,delay,147.69176370466812
6810,166,0,False,normal,
6811,136,0,False,normal,
6812,239,0,False,normal,
6813,264,0,True,delay,123.68174203500719
6814,238,0,False,normal,
6815,166,0,False,normal,
6816,150,0,False,normal,
6817,254,0,True,drift_ramp,94.50622501263359
6818,170,0,False,normal,
6819,131,0,True,drift_ramp,182.0752846677721
6820,136,0,False,normal,
6821,150,0,False,normal,
6822,118,0,False,normal,
6823,239,0,False,normal,
6824,134,0,False,normal,
6825,270,0,False,normal,
6826,264,0,True,delay,123.68174203500719
6827,250,0,False,normal,
6828,131,0,True,drift_ramp,182.0752846677721
6829,123,0,True,delay,158.26730028372296
6830,150,0,False,normal,
6831,165,0,True,drift_sigmoid,147.15736833345036
6832,214,0,False,normal,
6833,270,0,False,normal,
6834,2,1,True,takeover_ramp,95.8006784666841
6835,149,0,True,delay,147.69176370466812
6836,118,0,False,normal,
6837,123,0,True,delay,158.26730028372296
6838,2,0,True,takeover_ramp,95.8006784666841
6839,279,0,True,drift_ramp,90.42971961610978
6840,270,0,False,normal,
6841,110,0,True,step,84.5364701054331
6842,18,0,False,normal,
6843,131,0,True,drift_ramp,182.0752846677721
6844,166,0,False,normal,
6845,233,0,True,delay,149.85146211197676
6846,238,0,False,normal,
6847,166,0,False,normal,
6848,270,0,False,normal,
6849,276,0,True,takeover_step,113.5829416248078
6850,18,0,False,normal,
6851,264,0,True,delay,123.68174203500719
6852,270,0,False,normal,
6853,239,0,False,normal,
6854,264,1,True,delay,123.68174203500719
6855,166,0,False,normal,
6856,136,0,False,normal,
6857,165,0,True,drift_sigmoid,147.15736833345036
6858,238,0,False,normal,
6859,239,0,False,normal,
6860,118,0,False,normal,
6861,2,0,True,takeover_ramp,95.8006784666841
6862,2,0,True,takeover_ramp,95.8006784666841
6863,270,0,False,normal,
6864,170,0,False,normal,
6865,165,0,True,drift_sigmoid,147.15736833345036
6866,212,0,True,drift_sigmoid,79.90523467535208
6867,108,0,True,step,75.3845071838438
6868,149,0,True,delay,147.69176370466812
6869,123,0,True,delay,158.26730028372296
6870,169,0,True,takeover_ramp,97.420297603735
6871,76,0,True,step,165.52877740850676
6872,18,0,False,normal,
6873,238,0,False,normal,
6874,243,0,True,step,127.99537316243467
6875,18,0,False,normal,
6876,112,0,True,takeover_ramp,123.96392069259976
6877,270,0,False,normal,
6878,238,0,False,normal,
6879,110,0,True,step,84.5364701054331
6880,165,0,True,drift_sigmoid,147.15736833345036
6881,270,0,False,normal,
6882,238,0,False,normal,
6883,149,0,True,delay,147.69176370466812
6884,134,0,False,normal,
6885,18,0,False,normal,
6886,170,0,False,normal,
6887,117,1,True,delay,62.23656649358486
6888,214,0,False,normal,
6889,76,0,True,step,165.52877740850676
6890,238,0,False,normal,
6891,165,0,True,drift_sigmoid,147.15736833345036
6892,154,0,False,normal,
6893,239,0,False,normal,
6894,166,0,False,normal,
6895,276,0,True,takeover_step,113.5829416248078
6896,154,0,False,normal,
6897,192,0,True,drift_sigmoid,79.2016227542393
6898,197,0,True,drift_sigmoid,115.19058430867969
6899,134,0,False,normal,
6900,212,0,True,drift_sigmoid,79.90523467535208
6901,197,0,True,drift_sigmoid,115.19058430867969
6902,270,0,False,normal,
6903,169,0,True,takeover_ramp,97.420297603735
6904,108,0,True,step,75.3845071838438
6905,212,0,True,drift_sigmoid,79.90523467535208
6906,264,0,True,delay,123.68174203500719
6907,270,0,False,normal,
6908,76,0,True,step,165.52877740850676
6909,239,0,False,normal,
6910,254,0,True,drift_ramp,94.50622501263359
6911,169,0,True,takeover_ramp,97.420297603735
6912,170,0,False,normal,
6913,150,0,False,normal,
6914,136,0,False,normal,
6915,179,0,True,takeover_step,122.10788111664908
6916,254,0,True,drift_ramp,94.50622501263359
6917,77,1,True,takeover_ramp,87.63696498999546
6918,214,0,False,normal,
6919,118,0,False,normal,
6920,243,0,True,step,127.99537316243467
6921,179,0,True,takeover_step,122.10788111664908
6922,166,0,False,normal,
6923,239,0,False,normal,
6924,118,0,False,normal,
6925,150,0,False,normal,
6926,134,0,False,normal,
6927,243,0,True,step,127.99537316243467
6928,243,0,True,step,127.99537316243467
6929,169,0,True,takeover_ramp,97.420297603735
6930,170,0,False,normal,
6931,254,0,True,drift_ramp,94.50622501263359
6932,149,0,True,delay,147.69176370466812
6933,169,0,True,takeover_ramp,97.420297603735
6934,134,0,False,normal,
6935,136,0,False,normal,
6936,169,0,True,takeover_ramp,97.420297603735
6937,150,0,False,normal,
6938,162,0,True,takeover_step,14.91515823592874
6939,184,0,True,drift_ramp,75.24008074312675
6940,170,0,False,normal,
6941,170,0,False,normal,
6942,134,0,False,normal,
6943,165,0,True,drift_sigmoid,147.15736833345036
6944,118,0,False,normal,
6945,76,0,True,step,165.52877740850676
6946,270,0,False,normal,
6947,192,0,True,drift_sigmoid,79.2016227542393
6948,214,0,False,normal,
6949,233,0,True,delay,149.85146211197676
6950,165,0,True,drift_sigmoid,147.15736833345036
6951,170,0,False,normal,
6952,131,0,True,drift_ramp,182.0752846677721
6953,149,0,True,delay,147.69176370466812
6954,134,0,False,normal,
6955,18,0,False,normal,
6956,76,0,True,step,165.52877740850676
6957,197,0,True,drift_sigmoid,115.19058430867969
6958,279,0,True,drift_ramp,90.42971961610978
6959,170,0,False,normal,
6960,123,0,True,delay,158.26730028372296
6961,154,0,False,normal,
6962,169,0,True,takeover_ramp,97.420297603735
6963,166,0,False,normal,
6964,214,0,False,normal,
6965,166,0,False,normal,
6966,131,0,True,drift_ramp,182.0752846677721
6967,238,0,False,normal,
6968,270,0,False,normal,
6969,118,0,False,normal,
6970,131,0,True,drift_ramp,182.0752846677721
6971,184,0,True,drift_ramp,75.24008074312675
6972,131,0,True,drift_ramp,182.0752846677721
6973,118,0,False,normal,
6974,264,0,True,delay,123.68174203500719
6975,279,0,True,drift_ramp,90.42971961610978
6976,165,0,True,drift_sigmoid,147.15736833345036
6977,166,0,False,normal,
6978,18,0,False,normal,
6979,238,0,False,normal,
6980,118,0,False,normal,
6981,224,0,True,takeover_step,93.79210260555345
6982,270,0,False,normal,
6983,18,0,False,normal,
6984,154,0,False,normal,
6985,108,0,True,step,75.3845071838438
6986,264,0,True,delay,123.68174203500719
6987,238,0,False,normal,
6988,264,0,True,delay,123.68174203500719
6989,250,0,False,normal,
6990,77,0,True,takeover_ramp,87.63696498999546
6991,123,0,True,delay,158.26730028372296
6992,170,0,False,normal,
6993,108,1,True,step,75.3845071838438
6994,123,0,True,delay,158.26730028372296
6995,112,0,True,takeover_ramp,123.96392069259976
6996,123,0,True,delay,158.26730028372296
6997,149,0,True,delay,147.69176370466812
6998,154,0,False,normal,
6999,131,0,True,drift_ramp,182.0752846677721
7000,131,0,True,drift_ramp,182.0752846677721
7001,233,0,True,delay,149.85146211197676
7002,170,0,False,normal,
7003,239,0,False,normal,
7004,165,0,True,drift_sigmoid,147.15736833345036
7005,197,0,True,drift_sigmoid,115.19058430867969
7006,214,0,False,normal,
7007,131,0,True,drift_ramp,182.0752846677721
7008,238,0,False,normal,
7009,18,0,False,normal,
7010,150,0,False,normal,
7011,134,0,False,normal,
7012,238,0,False,normal,
7013,179,0,True,takeover_step,122.10788111664908
7014,239,0,False,normal,
7015,95,0,True,step,58.56240426323088
7016,233,0,True,delay,149.85146211197676
7017,238,0,False,normal,
7018,2,0,True,takeover_ramp,95.8006784666841
7019,254,0,True,drift_ramp,94.50622501263359
7020,243,0,True,step,127.99537316243467
7021,118,0,False,normal,
7022,165,0,True,drift_sigmoid,147.15736833345036
7023,117,0,True,delay,62.23656649358486
7024,239,0,False,normal,
7025,108,0,True,step,75.3845071838438
7026,149,0,True,delay,147.69176370466812
7027,279,0,True,drift_ramp,90.42971961610978
7028,239,0,False,normal,
7029,239,0,False,normal,
7030,110,0,True,step,84.5364701054331
7031,233,0,True,delay,149.85146211197676
7032,150,0,False,normal,
7033,117,0,True,delay,62.23656649358486
7034,243,0,True,step,127.99537316243467
7035,243,0,True,step,127.99537316243467
7036,214,0,False,normal,
7037,243,0,True,step,127.99537316243467
7038,118,0,False,normal,
7039,224,0,True,takeover_step,93.79210260555345
7040,197,0,True,drift_sigmoid,115.19058430867969
7041,166,0,False,normal,
7042,250,0,False,normal,
7043,18,0,False,normal,
7044,166,0,False,normal,
7045,95,0,True,step,58.56240426323088
7046,238,0,False,normal,
7047,2,0,True,takeover_ramp,95.8006784666841
7048,170,0,False,normal,
7049,170,0,False,normal,
7050,179,0,True,takeover_step,122.10788111664908
7051,258,0,True,drift_sigmoid,128.36090134328924
7052,233,0,True,delay,149.85146211197676
